ticker,year,degree_centrality,betweenness_centrality,eigenvector_centrality,composite_score
BAC,2010,0.2857142857142857,0.28068213586804586,0.5029751200453629,6.324261064634576
HPQ,2010,0.2653061224489796,0.29633771316745877,0.33129655029196,5.3566402876585455
F,2010,0.20408163265306123,0.2702450843351039,0.3351564657736101,4.720543694490094
CSCO,2010,0.10884353741496598,0.0804212095797223,0.17858958739934228,1.8629895948162616
GE,2010,0.10204081632653061,0.07389805237163359,0.15267859208726448,1.6279216353679427
INTC,2010,0.08843537414965986,0.06644301556238934,0.15740097318119975,1.4959651119576296
BSX,2010,0.07482993197278912,0.03727518404622123,0.17906599065463538,1.3080064154072062
MNST,2010,0.05442176870748299,0.034572733202870194,0.17958032563275894,1.1321980454746101
PFE,2010,0.06802721088435373,0.0363433044450657,0.11574504993686863,0.9116950780247596
ATVI,2010,0.04081632653061224,0.04193458205199888,0.13998018739280574,0.8643145335082151
AAL,2010,0.027210884353741496,0.004193458205199888,0.15696032312854777,0.5937802483373416
ARNC,2010,0.027210884353741496,0.0030752026838132517,0.1405912875664344,0.4992466190668079
V,2010,0.03401360544217687,0.04361196533407884,0.07862754212670597,0.4960184027877544
AAPL,2010,0.047619047619047616,0.048271363339856495,0.038220371158756775,0.41948285325009177
A,2010,0.02040816326530612,0.014910073618488492,0.11892295494281452,0.41022566242858777
WU,2010,0.013605442176870748,0.08088714938030007,0.03868665314526343,0.3740967583795576
APH,2010,0.02040816326530612,0.0,0.13096971328306029,0.3739610119837187
DLTR,2010,0.02040816326530612,0.026279004752585967,0.0915518235804236,0.34121088467193395
LVLT,2010,0.04081632653061224,0.07119560152828255,0.0042514769603549,0.3396754815763989
FTR,2010,0.03401360544217687,0.0007455036809244246,0.10255377643621225,0.33483713710518237
COG,2010,0.03401360544217687,0.010064299692479732,0.08567444485262751,0.30780119064831574
ALK,2010,0.027210884353741496,0.0024228869630043798,0.10417402418335067,0.30127918384970215
AES,2010,0.02040816326530612,0.0121144348150219,0.10086948739766931,0.29545449732301415
AMAT,2010,0.02040816326530612,0.0,0.11505489975322575,0.2893643637949192
AWK,2010,0.02040816326530612,0.0,0.11194623997494269,0.2728399981710879
ABT,2010,0.013605442176870748,0.0,0.12038135744867315,0.26422332535960397
AME,2010,0.02040816326530612,0.0121144348150219,0.08979552813548292,0.23658985313449876
RF,2010,0.02040816326530612,0.0024228869630043798,0.09229541027803793,0.1846830123370128
IPG,2010,0.027210884353741496,0.002329699002888827,0.08173030638123975,0.1813506704764469
KEY,2010,0.03401360544217687,0.010996179293635264,0.05736785872663818,0.16360370943330108
HBI,2010,0.027210884353741496,0.01155530705432858,0.06614746885407537,0.1605794800025018
EBAY,2010,0.027210884353741496,0.013232690336408537,0.061559652040634585,0.14747630318683355
SBUX,2010,0.02040816326530612,0.006895909048550928,0.07578179304944581,0.12699345742726958
AEP,2010,0.013605442176870748,0.0,0.09051712257458006,0.10547725106000776
HBAN,2010,0.02040816326530612,0.024042493709812693,0.04820965162679779,0.09577655745352726
ALB,2010,0.013605442176870748,0.0,0.08685440815290625,0.08600775726006356
STX,2010,0.013605442176870748,0.0,0.08330389827612972,0.06713469698992884
HRL,2010,0.02040816326530612,0.00605721740751095,0.05563713048496752,0.014270767770116473
AET,2010,0.013605442176870748,0.0,0.07307624795192398,0.01276868543390843
MU,2010,0.02040816326530612,0.0,0.06261859824996704,0.010634403039977314
AGN,2010,0.013605442176870748,0.004100270245084335,0.05912400012745966,-0.03381318336539669
MSFT,2010,0.027210884353741496,0.012859938495946324,0.027374288490230776,-0.03674663358528238
CSX,2010,0.013605442176870748,0.0,0.06344625915873064,-0.03842040154299247
AEE,2010,0.006802721088435374,0.0,0.07243760618229307,-0.04408038526408029
AIZ,2010,0.013605442176870748,0.0,0.0603040552987627,-0.05512307380370605
CBG,2010,0.02040816326530612,0.004566210045662101,0.041346869416869075,-0.07172045281229956
AIV,2010,0.006802721088435374,0.0,0.06641549941089374,-0.07609144508205566
EW,2010,0.013605442176870748,0.007827788649706457,0.045385056007152404,-0.08176872422866115
CAG,2010,0.013605442176870748,0.0,0.052335067349857586,-0.09748295874175585
ALXN,2010,0.006802721088435374,0.0,0.062307855855920885,-0.0979260004196727
PCLN,2010,0.013605442176870748,0.0121144348150219,0.03479511419115156,-0.10922419393356626
DAL,2010,0.013605442176870748,0.002516074923119933,0.04497929935466931,-0.11965754173065228
WY,2010,0.027210884353741496,0.004100270245084335,0.022619331969641665,-0.12094846484379389
AJG,2010,0.006802721088435374,0.0,0.05717767513084046,-0.12519594568990808
AVGO,2010,0.006802721088435374,0.0,0.056162931281668035,-0.1305899095116809
TWX,2010,0.006802721088435374,0.0,0.05587470589675019,-0.13212199792988744
PKI,2010,0.013605442176870748,0.0121144348150219,0.02953214188703353,-0.1372000049981586
CHD,2010,0.013605442176870748,0.0121144348150219,0.02837877518638907,-0.1433308312767189
UAL,2010,0.006802721088435374,0.0,0.05277508213832233,-0.1485983317630048
AXP,2010,0.006802721088435374,0.0,0.050484520244935036,-0.16077402318950496
NVDA,2010,0.013605442176870748,0.0,0.03931241335572931,-0.1667060681649669
ADI,2010,0.013605442176870748,0.0,0.03735450347900733,-0.1771135173453122
CNC,2010,0.013605442176870748,0.003913894324853229,0.03196545851744916,-0.17943065115048898
ACN,2010,0.006802721088435374,0.0,0.04683161182581539,-0.1801913922852132
CBS,2010,0.006802721088435374,0.0,0.04653066342718064,-0.18179111104751977
ADBE,2010,0.006802721088435374,0.0,0.045814363421260655,-0.18559866930039226
CMS,2010,0.013605442176870748,0.00363433044450657,0.030816724402376164,-0.1874174830685802
SPLS,2010,0.006802721088435374,0.0,0.04427052916314395,-0.1938050616248063
DISCA,2010,0.013605442176870748,0.0121144348150219,0.016790784071592058,-0.20492785883319634
CHK,2010,0.006802721088435374,0.0,0.04205243898559797,-0.20559552301155937
DFS,2010,0.013605442176870748,0.0,0.030813896195789715,-0.21188071409833711
GWW,2010,0.006802721088435374,0.0,0.03932347496036234,-0.22010158110202757
ENDP,2010,0.013605442176870748,0.0,0.028455455466817926,-0.22441722168913872
CNP,2010,0.006802721088435374,0.0,0.03672172042180001,-0.23393144552109613
GLW,2010,0.006802721088435374,0.0,0.03649875950341679,-0.23511661469300996
WFC,2010,0.006802721088435374,0.0,0.03622252760181205,-0.23658495065276045
CAH,2010,0.006802721088435374,0.0,0.03572338045352755,-0.2392382130123041
CINF,2010,0.006802721088435374,0.0,0.03485955475340151,-0.24382995759749915
BMY,2010,0.006802721088435374,0.0,0.03355815217204606,-0.2507476821514523
WDC,2010,0.006802721088435374,0.0,0.03295186788330566,-0.25397044178861794
CHTR,2010,0.006802721088435374,0.0,0.032820462174821007,-0.2546689408611856
VFC,2010,0.006802721088435374,0.0,0.03273142574062157,-0.2551422221777297
LOW,2010,0.006802721088435374,0.0,0.03267610905929858,-0.25543626306109163
BK,2010,0.006802721088435374,0.0,0.032071813819843524,-0.25864844972469986
DHI,2010,0.013605442176870748,0.0121144348150219,0.0065946490208493485,-0.2591263480681586
PHM,2010,0.006802721088435374,0.0,0.031146767425612364,-0.2635656185136643
YHOO,2010,0.013605442176870748,0.0121144348150219,0.005498947943383097,-0.26495064744789915
CTL,2010,0.006802721088435374,0.0,0.030669360425343715,-0.266103319126297
ALL,2010,0.006802721088435374,0.0,0.03061751859229602,-0.2663788891355577
COH,2010,0.006802721088435374,0.0,0.030125610352362688,-0.2689936724150979
D,2010,0.006802721088435374,0.0,0.0299730750677873,-0.26980448768361565
WMB,2010,0.006802721088435374,0.0,0.029581883107501625,-0.2718839043589374
DISCK,2010,0.006802721088435374,0.0,0.028954261152188073,-0.2752200863160614
KR,2010,0.006802721088435374,0.0,0.0279521807110644,-0.2805467366331197
USB,2010,0.006802721088435374,0.0,0.027920539607260157,-0.2807149278168753
HAL,2010,0.006802721088435374,0.0,0.02786114177109721,-0.28103066245238534
BWA,2010,0.006802721088435374,0.0,0.027436824302856554,-0.283286160797611
DNB,2010,0.006802721088435374,0.0,0.027435185499004013,-0.28329487200950826
EXR,2010,0.013605442176870748,0.0121144348150219,0.0003996763295702129,-0.29205629250771564
CF,2010,0.006802721088435374,0.0,0.0228297757077046,-0.30777534934274536
MAS,2010,0.013605442176870748,0.0003727518404622123,0.010460060892207525,-0.31756588145200065
GOOG,2010,0.02040816326530612,0.0006523157208088716,6.858303848188142e-22,-0.3178323501762222
JCI,2010,0.013605442176870748,0.00018637592023110615,0.009345184160514707,-0.3247458644919643
BBY,2010,0.006802721088435374,0.0,0.01789482413094573,-0.3340075362034464
CRM,2010,0.006802721088435374,0.0,0.017653305212837183,-0.33529135212173317
CCL,2010,0.006802721088435374,0.0,0.01581426456392233,-0.3450669410401645
TMK,2010,0.006802721088435374,0.0,0.014956657156725714,-0.3496256317200593
AN,2010,0.006802721088435374,0.0,0.0145500391114259,-0.35178704716240566
FITB,2010,0.006802721088435374,0.0,0.014329167200660959,-0.35296111202309294
ETFC,2010,0.006802721088435374,0.0,0.013540672915421397,-0.3571524255764842
FTI,2010,0.006802721088435374,0.0,0.013481330659487352,-0.3574678647701996
FOXA,2010,0.006802721088435374,0.0,0.01317858353735161,-0.3590771448119341
TSO,2010,0.013605442176870748,0.0005591277606933184,7.62402564811379e-22,-0.3719135389427129
L,2010,0.006802721088435374,0.0,0.010694837889929809,-0.3722797221673968
ISRG,2010,0.013605442176870748,0.0003727518404622123,6.609274358354416e-22,-0.37316729265752047
CMCSA,2010,0.006802721088435374,0.0,0.009870505865723512,-0.37666153450291756
CTXS,2010,0.006802721088435374,0.0,0.00896979156939252,-0.3814493637980891
PVH,2010,0.006802721088435374,0.0,0.00801336632061431,-0.3865333297608758
FISV,2010,0.006802721088435374,0.0,0.006595226535632491,-0.39407158160704076
WYN,2010,0.006802721088435374,0.0,0.004345529641336375,-0.40603005139001547
MAR,2010,0.006802721088435374,0.0,0.004213844661605191,-0.4067300349544591
ORCL,2010,0.006802721088435374,0.0,0.003673727457048345,-0.4096010773985918
PGR,2010,0.006802721088435374,0.0,0.003550782745610365,-0.4102546012668227
HRS,2010,0.006802721088435374,0.0,0.002928619120184348,-0.4135617689717641
LUV,2010,0.006802721088435374,0.0,0.0027737782193606674,-0.41438483995451003
ESS,2010,0.006802721088435374,0.0,0.002508563301505443,-0.4157946141286251
LEG,2010,0.006802721088435374,0.0,0.0023869400202581863,-0.41644111381371124
NFLX,2010,0.006802721088435374,0.0,0.0015182441759250464,-0.421058746096261
CVX,2010,0.006802721088435374,0.0,0.0005495011089793323,-0.4262081885491124
RAI,2010,0.006802721088435374,0.0,0.0004631846250133577,-0.4266670117212015
PBCT,2010,0.006802721088435374,0.0,0.0004592099298646344,-0.4266881395771153
WM,2010,0.006802721088435374,0.0,0.0004010263193120468,-0.4269974198852411
VIAB,2010,0.006802721088435374,0.0,0.00040011271631001125,-0.4270022762256313
MAT,2010,0.006802721088435374,0.0,0.00035616091037006303,-0.4272359060735333
QCOM,2010,0.006802721088435374,0.0,3.471668657729775e-05,-0.4289445722706924
NDAQ,2010,0.006802721088435374,0.0,3.638958490559736e-22,-0.4291291119962226
FDX,2010,0.006802721088435374,0.0,5.24256906155031e-29,-0.4291291119962226
MOS,2010,0.006802721088435374,0.0,5.24256906155031e-29,-0.4291291119962226
BIIB,2010,0.006802721088435374,0.0,1.0412717137222111e-29,-0.4291291119962226
TGNA,2010,0.006802721088435374,0.0,1.0412717137222111e-29,-0.4291291119962226
ABC,2010,0.006802721088435374,0.0,3.065305155036271e-22,-0.4291291119962226
MSI,2010,0.006802721088435374,0.0,3.1552294847549134e-22,-0.4291291119962226
DVA,2010,0.006802721088435374,0.0,7.255775825233474e-30,-0.4291291119962226
GD,2010,0.006802721088435374,0.0,7.255775825233474e-30,-0.4291291119962226
UNM,2010,0.006802721088435374,0.0,7.186315772717565e-30,-0.4291291119962226
XEC,2010,0.006802721088435374,0.0,7.186315772717565e-30,-0.4291291119962226
MCO,2010,0.006802721088435374,0.0,6.963492750846302e-30,-0.4291291119962226
UAA,2010,0.006802721088435374,0.0,6.963492750846302e-30,-0.4291291119962226
BAC,2011,0.3548387096774194,0.4377880184331797,0.5926431346309863,8.40091810291999
CSCO,2011,0.23870967741935484,0.3430247172182656,0.2503357871067888,5.03136102596437
LVLT,2011,0.18064516129032257,0.24683703393380813,0.16442417002652576,3.471375501907828
F,2011,0.14838709677419354,0.14277335567658148,0.1816988085370008,2.6096855433202744
LKQ,2011,0.03225806451612903,0.08504398826979472,0.14627583318361376,1.1205282882487233
MU,2011,0.09032258064516129,0.07649769585253456,0.05196995936352301,1.018004158116711
HPQ,2011,0.07741935483870968,0.09844993715961457,0.03974296446011376,0.9992927568426087
HBAN,2011,0.05161290322580645,0.037955592794302474,0.14761701191421198,0.9629792167013346
NFLX,2011,0.07741935483870968,0.0792626728110599,0.045252203706471275,0.8995045966172376
PHM,2011,0.03870967741935484,0.020444072056975283,0.1621002345413554,0.8207750806101775
HBI,2011,0.025806451612903226,0.02689568496020109,0.1498141756542002,0.6974767509107463
LNT,2011,0.025806451612903226,0.04893171344784248,0.1097920079352696,0.6329719611452277
CNC,2011,0.03225806451612903,0.02899036447423544,0.12275526792979785,0.6184289712390192
IPG,2011,0.025806451612903226,0.01566820276497696,0.14914647678085302,0.618400089036133
NI,2011,0.03870967741935484,0.015416841223292836,0.12110842725222994,0.5690611164744613
GGP,2011,0.01935483870967742,0.003183912861332216,0.1541422466150787,0.5102781688328722
TSN,2011,0.025806451612903226,0.007959782153330541,0.1278017246118634,0.4530854395715467
TGNA,2011,0.012903225806451613,0.0,0.14434793440644536,0.3861019946675372
DHI,2011,0.01935483870967742,0.022790113112693758,0.10300101308323047,0.37032347453348424
GT,2011,0.012903225806451613,0.041474654377880185,0.07757223758514672,0.31015031065813997
CAG,2011,0.01935483870967742,0.0,0.10578244978104465,0.23179901046816523
BSX,2011,0.025806451612903226,0.019019689987431924,0.07170120981558106,0.2292781896855652
TXT,2011,0.01935483870967742,0.0495182237117721,0.041099719585538805,0.2210818981934298
CMS,2011,0.012903225806451613,0.03133640552995392,0.07223032010249418,0.21355470155155273
FIS,2011,0.012903225806451613,0.038542103058232094,0.06082525242841045,0.20140285965965354
XEL,2011,0.012903225806451613,0.03636363636363636,0.06067143684247835,0.18593065948755694
MAS,2011,0.01935483870967742,0.0020108923334729786,0.09409224477703758,0.183185959637069
EXR,2011,0.01935483870967742,0.003183912861332216,0.09180928512869135,0.1789416059793628
PBCT,2011,0.01935483870967742,0.05161290322580645,0.030461695971880833,0.17862545152842835
XRX,2011,0.012903225806451613,0.0,0.09540783759995759,0.12595643002721538
RF,2011,0.03225806451612903,0.03016338500209468,0.022272135783105388,0.09219261124403244
PGR,2011,0.01935483870967742,0.0,0.07869118104428793,0.08779289151394205
URI,2011,0.012903225806451613,0.0,0.08763384797289313,0.08463307651941043
HRL,2011,0.01935483870967742,0.004775869291998324,0.06718468782204909,0.05875642049033888
COG,2011,0.012903225806451613,0.0,0.08232001724414639,0.05638692284303156
KEY,2011,0.012903225806451613,0.004440720569752828,0.07605749525661132,0.05297071029176966
AIG,2011,0.012903225806451613,0.0,0.08108110986539148,0.04980139725942597
CHD,2011,0.012903225806451613,0.0,0.0810573841895327,0.04967528125750716
STX,2011,0.012903225806451613,0.0,0.07855997722377202,0.03640008591383224
PWR,2011,0.0064516129032258064,0.0,0.08595614934176862,0.0250197361845641
MSFT,2011,0.03225806451612903,0.01449518223711772,0.028717299589436474,0.021052225711501043
SEE,2011,0.0064516129032258064,0.0,0.08468846759080915,0.018281257791446886
WU,2011,0.012903225806451613,0.0,0.07480038082152007,0.016415607077372312
UDR,2011,0.0064516129032258064,0.0,0.08388560956586788,0.014013592464788319
ZION,2011,0.012903225806451613,0.0,0.07430784562270963,0.013797491140527862
MYL,2011,0.0064516129032258064,0.0,0.08330138148246886,0.01090807460617993
GPN,2011,0.0064516129032258064,0.0,0.08024829802857802,-0.005320869977786784
FOX,2011,0.01935483870967742,0.023963133640552997,0.030425151744257875,-0.0075692328007616605
HST,2011,0.0064516129032258064,0.0,0.07894901986784086,-0.01222730197947012
AAL,2011,0.01935483870967742,0.010222036028487641,0.04568289457028123,-0.018901881491388054
FTR,2011,0.0064516129032258064,0.0,0.07684180976735873,-0.02342837016642646
UAL,2011,0.012903225806451613,0.0,0.06684763210473446,-0.025857956735777454
PKI,2011,0.012903225806451613,0.0,0.06533102891729314,-0.03391959981123479
RAI,2011,0.0064516129032258064,0.0,0.07374908602200139,-0.0398680263484277
EA,2011,0.0064516129032258064,0.0,0.07289987207385341,-0.04438210082839698
CNP,2011,0.012903225806451613,0.0,0.061338897270969764,-0.05514014102425543
AKAM,2011,0.012903225806451613,0.0,0.06109789253344834,-0.056421223768562366
ATVI,2011,0.01935483870967742,0.015751989945538333,0.03131777472119757,-0.05806090502999239
LEN,2011,0.0064516129032258064,0.0,0.0696406389149375,-0.06170685304074325
HOLX,2011,0.01935483870967742,0.004524507750314202,0.04157423993768188,-0.07906917266726517
LB,2011,0.0064516129032258064,0.0,0.0646404101053724,-0.08828602700802234
MMC,2011,0.012903225806451613,0.019103477167993297,0.030226258534547145,-0.09201283223715913
FMC,2011,0.0064516129032258064,0.0,0.06143092256353208,-0.10534635183899906
YHOO,2011,0.025806451612903226,0.0011730205278592375,0.031162768880412056,-0.10626242715952156
DRI,2011,0.0064516129032258064,0.0,0.06120119907841898,-0.10656746805342325
ICE,2011,0.0064516129032258064,0.0,0.06111960734057537,-0.10700117640498695
JNPR,2011,0.0064516129032258064,0.0,0.06034995025134971,-0.11109235911857514
NVDA,2011,0.0064516129032258064,0.0,0.05950743068294276,-0.11557084901021535
DAL,2011,0.0064516129032258064,0.0,0.0591614162583284,-0.11741012035904243
ARNC,2011,0.0064516129032258064,0.0,0.05828572231920481,-0.12206495165506913
APD,2011,0.0064516129032258064,0.0,0.05815456560627862,-0.1227621271689522
FOXA,2011,0.01935483870967742,0.01323837452869711,0.02135955464865354,-0.12790386543207313
SYMC,2011,0.0064516129032258064,0.0,0.056266474243319826,-0.13279844964807566
IVZ,2011,0.0064516129032258064,0.0,0.05510231629335552,-0.13898663780024614
PFE,2011,0.01935483870967742,0.012651864264767491,0.019721827317470738,-0.14055481865119004
DLTR,2011,0.012903225806451613,0.0,0.044885292611794136,-0.14260078278298707
DFS,2011,0.012903225806451613,0.01709258483452032,0.021666061792480765,-0.151042645645908
GE,2011,0.01935483870967742,0.005781315458734814,0.026405966186908308,-0.15124295531440599
M,2011,0.012903225806451613,0.0,0.04193008989126163,-0.15830943336860728
MNST,2011,0.0064516129032258064,0.0,0.05049230806579019,-0.1634915585424039
ETFC,2011,0.012903225806451613,0.001591956430666108,0.03476937692060714,-0.18566374299396626
AMAT,2011,0.0064516129032258064,0.0,0.04529934549767152,-0.19109522644647314
INTC,2011,0.012903225806451613,0.0,0.033019072943701044,-0.20567675968405744
CA,2011,0.012903225806451613,0.0,0.03223467597515445,-0.20984629357549145
URBN,2011,0.0064516129032258064,0.0,0.04048902218218285,-0.21666494037569475
ROST,2011,0.0064516129032258064,0.0,0.035639554748614376,-0.2424427284478933
VFC,2011,0.0064516129032258064,0.0,0.031882985167028095,-0.26241111794202426
CHK,2011,0.0064516129032258064,0.0,0.031842543875444655,-0.2626260873295054
AJG,2011,0.012903225806451613,0.0,0.022294401768771562,-0.2626847310702922
FL,2011,0.0064516129032258064,0.0,0.03155679989274333,-0.26414498562707794
AIV,2011,0.0064516129032258064,0.0,0.03147060069360746,-0.2646031853609161
KIM,2011,0.0064516129032258064,0.0,0.02957004626150564,-0.27470575642496126
TSS,2011,0.0064516129032258064,0.0,0.0293139599740471,-0.2760670065285515
XL,2011,0.0064516129032258064,0.0,0.029117626704813257,-0.2771106339938683
JWN,2011,0.0064516129032258064,0.0,0.02869286522123266,-0.2793684925432795
HCP,2011,0.0064516129032258064,0.0,0.02802134004315898,-0.28293804609996576
ALK,2011,0.0064516129032258064,0.0,0.027867986306395417,-0.2837532119260123
PLD,2011,0.0064516129032258064,0.0,0.02742232641508868,-0.28612215787476997
LNC,2011,0.0064516129032258064,0.0,0.027414020465024846,-0.286166308912676
MAT,2011,0.0064516129032258064,0.0,0.027135641084416132,-0.2876460599936563
PBI,2011,0.0064516129032258064,0.0,0.027039393166387773,-0.2881576746126454
FITB,2011,0.0064516129032258064,0.0,0.027016299887231636,-0.28828042905200063
DISCK,2011,0.0064516129032258064,0.0,0.0269487324085578,-0.28863959017014124
ADBE,2011,0.0064516129032258064,0.0,0.026111460773846882,-0.29309018418981475
STI,2011,0.0064516129032258064,0.0,0.025235253735824022,-0.29774774291001044
IR,2011,0.0064516129032258064,0.0,0.024285426490858707,-0.3027966365795364
CELG,2011,0.0064516129032258064,0.0,0.023882984155203162,-0.3049358556550165
MCHP,2011,0.0064516129032258064,0.0,0.023732111009984694,-0.30573783566962726
SPLS,2011,0.012903225806451613,0.005194805194805195,0.004561741501380124,-0.3219987746415708
AWK,2011,0.0064516129032258064,0.0,0.019593100447848153,-0.32773912520521575
MAC,2011,0.0064516129032258064,0.0,0.01954521614493075,-0.3279936586007894
ALL,2011,0.0064516129032258064,0.0,0.019431146843222915,-0.32860000441612863
BEN,2011,0.0064516129032258064,0.0,0.018981963948216062,-0.33098767721355643
DISCA,2011,0.0064516129032258064,0.0,0.018625992476647237,-0.3328798761569562
KR,2011,0.0064516129032258064,0.0,0.018194985115095187,-0.3351709352424835
LLY,2011,0.0064516129032258064,0.0,0.018155017062197087,-0.3353833890864116
KSU,2011,0.0064516129032258064,0.0,0.018048871913820357,-0.335947613339328
EFX,2011,0.0064516129032258064,0.0,0.017572486450096916,-0.33847988388094136
FAST,2011,0.0064516129032258064,0.0,0.017533575308533472,-0.33868671961591845
BAX,2011,0.0064516129032258064,0.0,0.01744550231212734,-0.33915487969067754
HAR,2011,0.0064516129032258064,0.0,0.01742398902198568,-0.3392692355537912
LUV,2011,0.0064516129032258064,0.0,0.01719752280881299,-0.34047303744103946
EL,2011,0.0064516129032258064,0.0,0.01698259101500529,-0.34161552706627146
WYN,2011,0.0064516129032258064,0.0,0.01673708427340067,-0.34292054062540434
DOW,2011,0.0064516129032258064,0.0,0.016409822070847978,-0.34466013282125013
CMA,2011,0.0064516129032258064,0.0,0.015807428306398398,-0.34786221202040224
BIIB,2011,0.0064516129032258064,0.0,0.015726709467103302,-0.3482912803998246
AAPL,2011,0.0064516129032258064,0.0,0.01146857133225111,-0.37092580345333764
AME,2011,0.0064516129032258064,0.0,0.007106472073959249,-0.39411294137528463
FLIR,2011,0.0064516129032258064,0.0,0.006598297111583815,-0.39681419190705114
GPS,2011,0.0064516129032258064,0.0,0.006060655388872458,-0.3996720757008241
AES,2011,0.0064516129032258064,0.0,0.005708085101181865,-0.4015461953399686
CSX,2011,0.0064516129032258064,0.0,0.005371154817121951,-0.4033371791080998
BMY,2011,0.0064516129032258064,0.0,0.00528067164916607,-0.40381815067036303
YUM,2011,0.0064516129032258064,0.0,0.005015493887983714,-0.4052277273347822
NUE,2011,0.0064516129032258064,0.0,0.0049490134776885185,-0.4055811100414439
RHI,2011,0.0064516129032258064,0.0,0.004941905322734392,-0.405618894089796
VRSK,2011,0.0064516129032258064,0.0,0.004821392003474079,-0.40625949367033254
AEE,2011,0.0064516129032258064,0.0,0.004816027679218769,-0.4062880082269716
EIX,2011,0.0064516129032258064,0.0,0.0046082758349255465,-0.4073923321732938
JBHT,2011,0.0064516129032258064,0.0,0.004589639162255749,-0.407491397112905
NFX,2011,0.0064516129032258064,0.0,0.004240323272326965,-0.4093482177028331
WDC,2011,0.0064516129032258064,0.0,0.004208178994381552,-0.40951908355479755
A,2011,0.0064516129032258064,0.0,0.004054578852604647,-0.41033555916924885
HON,2011,0.0064516129032258064,0.0,0.00396969254786312,-0.41078678009274916
PCAR,2011,0.0064516129032258064,0.0,0.0037536589349439955,-0.4119351265383305
TSO,2011,0.0064516129032258064,0.0,0.0037506799743022134,-0.41195096147632126
PAYX,2011,0.0064516129032258064,0.0,0.0033709071802272643,-0.4139696785283187
ISRG,2011,0.0064516129032258064,0.0,0.003335535294807354,-0.4141577010232749
CMCSA,2011,0.0064516129032258064,0.0,0.0022240927702468108,-0.4200656755060459
HRB,2011,0.0064516129032258064,0.0,0.002131896338719059,-0.42055575407766055
BLL,2011,0.0064516129032258064,0.0,0.0021292851108967244,-0.42056963429818667
GOOGL,2011,0.0064516129032258064,0.0,2.578378926398985e-63,-0.43188804422378846
O,2011,0.0064516129032258064,0.0,2.578378926398985e-63,-0.43188804422378846
AZO,2011,0.0064516129032258064,0.0,1.5216842509036472e-65,-0.43188804422378846
FSLR,2011,0.0064516129032258064,0.0,1.5216842509036472e-65,-0.43188804422378846
BAC,2012,0.4016393442622951,0.5850155805446418,0.6033497797387986,9.81598162645041
HBI,2012,0.18032786885245902,0.1352120308901233,0.16464510624206832,2.7191535611895605
HPQ,2012,0.12295081967213116,0.14157973174366617,0.20976996546083082,2.5509980534350594
BSX,2012,0.14754098360655737,0.15146999051619023,0.15906889757858525,2.5412480035110208
PBCT,2012,0.0819672131147541,0.0987671047283566,0.13502925548390168,1.5436654379453891
HRL,2012,0.11475409836065574,0.07153502235469449,0.10116661608356256,1.4381070939915235
FTR,2012,0.0819672131147541,0.04633518493429075,0.17183784911918845,1.386614546811766
NFLX,2012,0.07377049180327869,0.09212843788104594,0.10839947712690468,1.293045933842702
AAPL,2012,0.04918032786885246,0.005148353881587861,0.21666304309429493,1.0901902581414744
ARNC,2012,0.06557377049180328,0.01652892561983471,0.15307481256519045,0.9575546096092041
LUV,2012,0.06557377049180328,0.04606421894052297,0.10542260058713138,0.9029392923126344
AES,2012,0.05737704918032787,0.026690150386126543,0.1397762866823314,0.8908117306371434
NI,2012,0.0819672131147541,0.014090231675924672,0.10371552156026055,0.8075917764332546
HRB,2012,0.07377049180327869,0.012328952716434088,0.1110044083782563,0.7700803062424305
ETFC,2012,0.07377049180327869,0.026012735401707086,0.08644426809136374,0.731579651267262
AAL,2012,0.07377049180327869,0.013006367700853543,0.09291587214879926,0.6784860171958588
ALK,2012,0.04098360655737705,0.015445061644763584,0.13423799215481524,0.6569104034908889
GE,2012,0.01639344262295082,0.07858013819265683,0.08769072479806285,0.6409705919036085
GT,2012,0.07377049180327869,0.022625660479609812,0.06995232505787702,0.6211303126773197
EA,2012,0.06557377049180328,0.025335320417287633,0.06642426589963087,0.5561964514616355
XRX,2012,0.04098360655737705,0.03712234114618616,0.08349445222217491,0.5330018682582117
TGNA,2012,0.05737704918032787,0.027909497358081563,0.06784768135592766,0.5166712105988226
AJG,2012,0.02459016393442623,0.06259314456035768,0.07234909488777222,0.5162840631933
COG,2012,0.05737704918032787,0.014632163663460237,0.07550911018798154,0.46807940658018676
IPG,2012,0.06557377049180328,0.021948245495190356,0.05059044056878548,0.4492453977653743
AMAT,2012,0.03278688524590164,0.0009483809781872376,0.12203109547891507,0.43009606605313283
HBAN,2012,0.05737704918032787,0.012599918710201871,0.05723783693152224,0.35728583758410853
AIG,2012,0.02459016393442623,0.010161224766291832,0.10715635037896656,0.34859487594862154
F,2012,0.01639344262295082,0.0,0.11481788963191455,0.25655770777043857
DAL,2012,0.04098360655737705,0.014090231675924672,0.05786970109808365,0.24185379920943087
AIV,2012,0.02459016393442623,0.005554802872239534,0.09167057538043097,0.23529134960543474
PBI,2012,0.04098360655737705,0.009077360791220703,0.06217879602983051,0.23103752735588212
ATVI,2012,0.01639344262295082,0.01612247662918304,0.08746863917430242,0.21963641446155122
MNST,2012,0.04098360655737705,0.005554802872239534,0.06152839313444331,0.2038839493056727
AET,2012,0.01639344262295082,0.01612247662918304,0.0830264655478734,0.19602363390561794
MU,2012,0.01639344262295082,0.005961251862891208,0.090906796385439,0.169557536773523
CBG,2012,0.04098360655737705,0.004741904890936188,0.05341058874542053,0.155264639590931
LKQ,2012,0.04098360655737705,0.0005419319875355643,0.057036318509092486,0.14628425499630912
CNC,2012,0.02459016393442623,0.024386939439100395,0.04851865989408659,0.13259746828603117
MAS,2012,0.04098360655737705,0.0004064489906516732,0.047234934846575344,0.09327270667399978
AGN,2012,0.00819672131147541,0.0,0.09137385421641915,0.06753072706027519
AIZ,2012,0.00819672131147541,0.0,0.09068173229933855,0.0638516896519347
PFE,2012,0.01639344262295082,0.01612247662918304,0.057412849223357314,0.05987211161564812
BBY,2012,0.01639344262295082,0.031432055277062734,0.0361616328287231,0.04989709922732554
AEP,2012,0.00819672131147541,0.0,0.08249447661477666,0.020331582584375913
AON,2012,0.00819672131147541,0.0,0.08123390989800562,0.01363092480681046
A,2012,0.00819672131147541,0.0,0.08119960810775852,0.013448590500703758
LUK,2012,0.03278688524590164,0.0040644899065167325,0.03897289517871579,0.009554712296321924
ALL,2012,0.00819672131147541,0.0,0.08005030072103243,0.007339341876873591
AMT,2012,0.00819672131147541,0.0,0.07954065623893014,0.004630279978476426
APH,2012,0.00819672131147541,0.0,0.07870124463015114,0.00016831073074691227
CF,2012,0.00819672131147541,0.0,0.07756519764914387,-0.005870450992603267
AAP,2012,0.00819672131147541,0.0,0.07656315587930553,-0.011196895748904331
AMGN,2012,0.00819672131147541,0.0,0.07550860213242687,-0.016802472726205015
FOX,2012,0.02459016393442623,0.016799891613602496,0.02931444843237374,-0.020522464479444353
AYI,2012,0.00819672131147541,0.0,0.07478369032320945,-0.02065580780784515
AFL,2012,0.00819672131147541,0.0,0.07349788838989081,-0.02749060568904695
AXP,2012,0.00819672131147541,0.0,0.07320017928110649,-0.02907310570962307
ZION,2012,0.03278688524590164,0.0020322449532583662,0.033518731031497544,-0.03310833992811582
ACN,2012,0.00819672131147541,0.0,0.07142910620401106,-0.03848740677817316
AWK,2012,0.00819672131147541,0.0,0.07059475512043557,-0.042922476340933734
NWL,2012,0.02459016393442623,0.010974122747595178,0.03098741061521293,-0.0508197186425152
ADM,2012,0.00819672131147541,0.0,0.06876668733655251,-0.05263973799081254
AKAM,2012,0.00819672131147541,0.0,0.06678799309221176,-0.0631576683798743
KIM,2012,0.02459016393442623,0.0,0.04252253862355468,-0.06332678421289097
AN,2012,0.00819672131147541,0.0,0.06393798329998791,-0.07830715632551791
AME,2012,0.00819672131147541,0.0,0.06342221418605037,-0.08104877426509527
ALB,2012,0.00819672131147541,0.0,0.061409545568887634,-0.0917472985429681
AEE,2012,0.00819672131147541,0.0,0.061360283691288216,-0.09200915456286966
BBT,2012,0.01639344262295082,0.009619292778756268,0.03654210906017501,-0.09481523719779689
ADS,2012,0.00819672131147541,0.0,0.05900644611711397,-0.10452119366296375
FLIR,2012,0.02459016393442623,0.0,0.03388510668652331,-0.1092398443604038
LNC,2012,0.00819672131147541,0.0,0.057975567539051316,-0.11000092311315497
ANTM,2012,0.00819672131147541,0.0,0.0575035279112205,-0.1125100929662554
ADI,2012,0.00819672131147541,0.0,0.05661387698752875,-0.11723911389140189
SYMC,2012,0.00819672131147541,0.0,0.055841951888028755,-0.12134235242122109
APD,2012,0.00819672131147541,0.0,0.0556808625148525,-0.12219863773075355
KEY,2012,0.02459016393442623,0.001354829968838911,0.02931262114396146,-0.12443134755833259
GLW,2012,0.02459016393442623,0.00501287088470397,0.0243542248816596,-0.12618045864277136
GGP,2012,0.02459016393442623,0.003116108928329495,0.024958368093617712,-0.1357286272833175
HIG,2012,0.02459016393442623,0.0,0.024462719760464675,-0.15932540460829786
DISCK,2012,0.01639344262295082,0.0,0.03502745333442372,-0.1675756605304739
HOLX,2012,0.01639344262295082,0.0,0.03155986066929872,-0.18600796677168252
GPN,2012,0.01639344262295082,0.0010838639750711287,0.02559619063643566,-0.21041723093480455
CNP,2012,0.01639344262295082,0.0012193469719550198,0.02042354004504463,-0.23700153243946287
PWR,2012,0.01639344262295082,0.004877387887820079,0.015026349100370486,-0.24108309682611448
CAG,2012,0.01639344262295082,0.0,0.020227154071605236,-0.24624800610828737
PHM,2012,0.01639344262295082,0.0005419319875355643,0.018359995350741724,-0.252527474301262
FCX,2012,0.00819672131147541,0.0,0.02793530491388435,-0.2696826890374847
CHD,2012,0.00819672131147541,0.0,0.02788493524998163,-0.26995043359689025
DIS,2012,0.00819672131147541,0.0,0.025892702941533906,-0.28054032680501156
C,2012,0.00819672131147541,0.0,0.02525619448307107,-0.28392374578311225
EXR,2012,0.00819672131147541,0.0,0.0240129459992155,-0.290532346908273
HES,2012,0.00819672131147541,0.0,0.023918083077680896,-0.2910365994516145
AZO,2012,0.00819672131147541,0.0,0.023562919205489193,-0.29292450552659605
CMS,2012,0.00819672131147541,0.0,0.02290867409985777,-0.2964022052763663
AMG,2012,0.00819672131147541,0.0,0.021558544300427102,-0.30357894381857636
DVN,2012,0.00819672131147541,0.0,0.01979756646944663,-0.31293958268226524
DOW,2012,0.00819672131147541,0.0,0.019659154889849904,-0.3136753221040593
FISV,2012,0.00819672131147541,0.0,0.018649676535256326,-0.3190412967073853
BK,2012,0.00819672131147541,0.0,0.01864093241990201,-0.3190877768530034
RHI,2012,0.00819672131147541,0.0,0.015850632218619785,-0.33391987300207226
CRM,2012,0.00819672131147541,0.0,0.015564447809590893,-0.3354411124261065
CBS,2012,0.00819672131147541,0.0,0.015559412880960131,-0.3354678760501499
GM,2012,0.00819672131147541,0.0,0.015552504877973933,-0.3355045961723941
SEE,2012,0.00819672131147541,0.0,0.014684455053458471,-0.34011879447746507
BBBY,2012,0.00819672131147541,0.0,0.013101204763098194,-0.3485347063294852
CA,2012,0.00819672131147541,0.0,0.01298279158763,-0.34916414240344373
EW,2012,0.00819672131147541,0.0,0.011678349835421672,-0.35609802194827656
PAYX,2012,0.00819672131147541,0.0,0.011014864009006803,-0.3596248415952836
LB,2012,0.00819672131147541,0.0,0.010298410248798927,-0.3634332171431483
FSLR,2012,0.00819672131147541,0.0,0.010240955068857317,-0.3637386254116795
FTI,2012,0.00819672131147541,0.0,0.010135903569116941,-0.3642970362751548
LEN,2012,0.00819672131147541,0.0,0.009776781414842879,-0.36620598296089346
GOOGL,2012,0.00819672131147541,0.0,0.009014917480490103,-0.3702557404463553
JNPR,2012,0.00819672131147541,0.0,0.008691054016888945,-0.37197726633417744
GOOG,2012,0.00819672131147541,0.0,0.00671267863054129,-0.382493501804388
CHK,2012,0.00819672131147541,0.0,0.006306571756061162,-0.38465220007144874
PGR,2012,0.00819672131147541,0.0,0.006233027842464721,-0.38504312947651426
PPL,2012,0.00819672131147541,0.0,0.005291450834108247,-0.39004816825810423
LNT,2012,0.00819672131147541,0.0,0.0028485407693779365,-0.40303368033560677
PCLN,2012,0.00819672131147541,0.0,1.9308785903472754e-56,-0.41817535955583596
WMB,2012,0.00819672131147541,0.0,1.9308785903472754e-56,-0.41817535955583596
BAC,2013,0.18947368421052632,0.4236702868281816,0.5743679989980608,6.909402119816757
AAPL,2013,0.17368421052631577,0.23480924533556113,0.28747641524460366,3.9898622082779682
FB,2013,0.11578947368421053,0.16541353383458648,0.17637880134151387,2.4775623124615755
HPQ,2013,0.08421052631578947,0.1696463380673907,0.20917630707575072,2.4322340538065195
PFE,2013,0.10526315789473684,0.14681147312726262,0.15566840273660462,2.159624426825715
MSFT,2013,0.07368421052631578,0.12186020607073239,0.20034408511166116,1.9811140018807085
INTC,2013,0.05789473684210526,0.07401837928153718,0.11972410748137144,1.106668146285107
CSCO,2013,0.03684210526315789,0.03324979114452799,0.18009785886470808,0.9879123934253254
NI,2013,0.010526315789473684,0.06672236145920357,0.11775428900601832,0.6749061564875901
PCLN,2013,0.05263157894736842,0.08315232525758842,0.017744870164000857,0.5846756145270965
ADP,2013,0.015789473684210527,0.023948760790866056,0.13812476878923444,0.5368053865183814
AMZN,2013,0.021052631578947368,0.01342244500139237,0.13937727532081995,0.5140092666807797
CTL,2013,0.015789473684210527,0.06989696463380674,0.07516137165334978,0.5112119673172225
F,2013,0.015789473684210527,0.009468114731272627,0.14620871799634458,0.48236482723278323
FTR,2013,0.010526315789473684,0.0456697298802562,0.10239917722490227,0.45166327403706164
BLK,2013,0.021052631578947368,0.038986354775828465,0.092592848425091,0.437291181530302
UDR,2013,0.015789473684210527,0.03876357560568087,0.08608775518533028,0.35985736687436903
PGR,2013,0.010526315789473684,0.0,0.1314222412832542,0.29871704448394315
PFG,2013,0.010526315789473684,0.045446950710108604,0.07019768999198751,0.27899468192450483
RF,2013,0.010526315789473684,0.0,0.12048555407072226,0.24058208244149903
PBI,2013,0.010526315789473684,0.0,0.11830172207607832,0.22897372356201817
GOOGL,2013,0.03684210526315789,0.044277360066833756,0.019835626286536928,0.2102064531539605
PBCT,2013,0.010526315789473684,0.019548872180451128,0.08779362572275709,0.19831071190512364
BA,2013,0.010526315789473684,0.0,0.1101582781302696,0.1856865018024081
A,2013,0.005263157894736842,0.0,0.1169819456348854,0.18060157396551293
DAL,2013,0.03684210526315789,0.04683932052353105,0.010914524088948824,0.18001986561687602
BSX,2013,0.005263157894736842,0.0,0.10853589304443076,0.135705808253942
NFLX,2013,0.02631578947368421,0.03753829016986912,0.029092424540076236,0.13136446940232754
GE,2013,0.02631578947368421,0.03480924533556112,0.03140705932515428,0.12530979543269163
AAP,2013,0.005263157894736842,0.0,0.10195312928113956,0.10071452487200509
LVLT,2013,0.005263157894736842,0.0,0.0992322295313395,0.08625133317583315
ABBV,2013,0.005263157894736842,0.0,0.09747836859410428,0.07692852481234051
DLTR,2013,0.010526315789473684,0.036925647451963244,0.04247072293562416,0.07428651077767845
GPN,2013,0.005263157894736842,0.0,0.09462119881594894,0.06174097730603989
APD,2013,0.005263157894736842,0.0,0.09427836533424602,0.059918614550447856
AEE,2013,0.010526315789473684,0.0038429406850459483,0.08111044279651931,0.05713159576636593
AES,2013,0.010526315789473684,0.0,0.08392720232092273,0.04625281709745636
NFX,2013,0.015789473684210527,0.01748816485658591,0.05272660446705384,0.039403097204510906
WY,2013,0.015789473684210527,0.009468114731272627,0.05949692450306367,0.0214403511640277
ARNC,2013,0.010526315789473684,0.009468114731272627,0.06703009647857358,0.020126859291499388
AYI,2013,0.005263157894736842,0.0,0.08345604397191372,0.0023915746539977523
PNC,2013,0.005263157894736842,0.0,0.08305183377874813,0.00024295837009006652
CTXS,2013,0.005263157894736842,0.0,0.08156272138902014,-0.0076725548535644394
ATVI,2013,0.005263157894736842,0.0,0.07696553988662769,-0.03210929396388407
ISRG,2013,0.02631578947368421,0.028292954608744085,0.008674325241909886,-0.03936332267453043
FL,2013,0.005263157894736842,0.0,0.07500739421172464,-0.042517996551046246
KORS,2013,0.015789473684210527,0.025730994152046785,0.026336284192795552,-0.04542742512859329
CBG,2013,0.010526315789473684,0.03185742133110554,0.024282802014462052,-0.056487083794495775
GLW,2013,0.005263157894736842,0.0,0.07231501379170605,-0.05682959113905358
ALK,2013,0.010526315789473684,0.0,0.06317263948262998,-0.06406996157990331
CERN,2013,0.005263157894736842,0.0,0.06809014046296186,-0.07928729207057876
CLX,2013,0.010526315789473684,0.025174046226677807,0.02780138690848435,-0.0827428919920773
SLG,2013,0.005263157894736842,0.0,0.06685971891694632,-0.0858277104334496
CMI,2013,0.010526315789473684,0.0,0.05892029059674988,-0.0866737113505469
MU,2013,0.021052631578947368,0.0202172096908939,0.01741656678593691,-0.08857555627030621
SO,2013,0.010526315789473684,0.0035644667223614594,0.05288830978445174,-0.0947590344437861
ORCL,2013,0.015789473684210527,0.018880534670008355,0.021484735841479825,-0.11729942201646887
TEL,2013,0.010526315789473684,0.00963519910888332,0.040633939156380756,-0.11906035209936143
HST,2013,0.010526315789473684,0.011807296017822334,0.03729312764865541,-0.12220701179532469
CMG,2013,0.015789473684210527,0.010749094959621276,0.02912628311695941,-0.13138039938348206
HBAN,2013,0.010526315789473684,0.009468114731272627,0.03489576712912253,-0.1506861100004374
DTE,2013,0.010526315789473684,0.011807296017822334,0.0316117658616956,-0.15240681045609641
K,2013,0.010526315789473684,0.005346700083542189,0.03903168271635126,-0.15642609253859704
FBHS,2013,0.010526315789473684,0.010526315789473684,0.024633908843558934,-0.1981154221257738
AIV,2013,0.005263157894736842,0.0,0.04337219154263431,-0.2106778122825619
ABT,2013,0.010526315789473684,0.0,0.03508564197363389,-0.21336896797378693
FITB,2013,0.010526315789473684,0.0026733500417710945,0.03132843393940518,-0.21535708390161776
AZO,2013,0.015789473684210527,0.018824839877471456,0.0026574741735381894,-0.21775211463000266
HRL,2013,0.005263157894736842,0.0,0.041366527998927385,-0.2213391004512232
ETFC,2013,0.010526315789473684,0.009468114731272627,0.021485687722389138,-0.22196861466997755
IRM,2013,0.005263157894736842,0.0,0.04108562328657793,-0.22283227516424478
LUK,2013,0.005263157894736842,0.0,0.039984620052300475,-0.22868475864388435
FAST,2013,0.005263157894736842,0.0,0.03980640829675367,-0.22963205954432145
IPG,2013,0.005263157894736842,0.0,0.03970547925167067,-0.23016855712268844
NEM,2013,0.005263157894736842,0.0,0.03948442356809003,-0.2313435988446005
FLIR,2013,0.005263157894736842,0.0,0.037517523863019056,-0.24179883428048013
REGN,2013,0.010526315789473684,0.0010582010582010583,0.027857656466220383,-0.24467145162063675
CRM,2013,0.010526315789473684,0.0,0.02899797463014606,-0.24572852101423268
AMAT,2013,0.005263157894736842,0.0,0.036719414023732765,-0.24604126019163208
HBI,2013,0.005263157894736842,0.0,0.03622866048860782,-0.24864990553205957
GT,2013,0.005263157894736842,0.0,0.036051688430052735,-0.24959061670965307
TXT,2013,0.005263157894736842,0.0,0.03498672495832027,-0.2552515275323393
CVS,2013,0.010526315789473684,0.00935672514619883,0.015274540191553202,-0.25573385742152993
C,2013,0.005263157894736842,0.0,0.03388153154821081,-0.2611262842751902
MAR,2013,0.005263157894736842,0.0,0.03372303805881516,-0.26196877092685494
UNM,2013,0.005263157894736842,0.0,0.033639216832217884,-0.26241433032998024
DLPH,2013,0.005263157894736842,0.0,0.03325290953964102,-0.26446778210694444
BAX,2013,0.005263157894736842,0.0,0.03309381036971513,-0.26531348830891277
LEN,2013,0.005263157894736842,0.0,0.03305954514486399,-0.26549562824830997
LNT,2013,0.005263157894736842,0.0,0.03285853713263517,-0.26656410473795117
TDG,2013,0.010526315789473684,0.0005012531328320802,0.024328687744892948,-0.2671766052653498
TGNA,2013,0.010526315789473684,0.0,0.022552770011953355,-0.27998859616798427
GOOG,2013,0.010526315789473684,0.0005012531328320802,0.021340000574114646,-0.283063245511479
HCP,2013,0.010526315789473684,0.0,0.021720999043725608,-0.2844099508914255
PKI,2013,0.005263157894736842,0.0,0.029446311878838026,-0.2847021004358131
HRS,2013,0.005263157894736842,0.0,0.02906882939477819,-0.28670864313526606
COL,2013,0.005263157894736842,0.0,0.027979738342644205,-0.2924978063202592
HIG,2013,0.005263157894736842,0.0,0.027776043036373096,-0.29358056736738186
RCL,2013,0.005263157894736842,0.0,0.02756334843727087,-0.29471116497936006
KR,2013,0.005263157894736842,0.0,0.02648208398093998,-0.300458725177901
DISCA,2013,0.005263157894736842,0.0,0.025840518189723116,-0.30386902687121314
PSA,2013,0.005263157894736842,0.0,0.02569144361699474,-0.30466144640910825
DFS,2013,0.005263157894736842,0.0,0.025576692403316774,-0.3052714169899482
SBUX,2013,0.005263157894736842,0.0,0.025354217485016536,-0.3064540027839316
RRC,2013,0.005263157894736842,0.0,0.025079966353468607,-0.3079118097791218
COG,2013,0.005263157894736842,0.0,0.024943533831090565,-0.30863702934110343
SEE,2013,0.005263157894736842,0.0,0.024623238055786083,-0.31033959085519197
BBBY,2013,0.005263157894736842,0.0,0.02460567153906203,-0.31043296728290953
NRG,2013,0.005263157894736842,0.0,0.024572520603078036,-0.3106091841178294
WBA,2013,0.005263157894736842,0.0,0.02445835685364601,-0.3112160319786925
BBT,2013,0.005263157894736842,0.0,0.02440425786527041,-0.3115036001037228
HP,2013,0.005263157894736842,0.0,0.024191218720828883,-0.3126360291779923
JPM,2013,0.005263157894736842,0.0,0.024144976379201526,-0.31288183457802055
NUE,2013,0.005263157894736842,0.0,0.023835743081362923,-0.3145255924804599
BDX,2013,0.005263157894736842,0.0,0.023658516391782083,-0.31546765717258024
EMR,2013,0.005263157894736842,0.0,0.022998146570318064,-0.3189779134100263
UAL,2013,0.005263157894736842,0.0,0.022982043521199473,-0.3190635106417185
CAG,2013,0.005263157894736842,0.0,0.02297289672852199,-0.3191121312555097
JWN,2013,0.005263157894736842,0.0,0.02220903573752795,-0.32317250427836236
BLL,2013,0.005263157894736842,0.0,0.021541946793790144,-0.3267184766253354
MAS,2013,0.005263157894736842,0.0,0.021167019089884193,-0.3287114391570111
JBHT,2013,0.005263157894736842,0.0,0.0209553946538512,-0.3298363482192301
SPLS,2013,0.005263157894736842,0.0,0.02093780719442656,-0.32992983596978975
JCI,2013,0.005263157894736842,0.0,0.02083614558449986,-0.33047022756364375
MCK,2013,0.005263157894736842,0.0,0.020560290502086968,-0.33193656050648523
SWKS,2013,0.005263157894736842,0.0,0.02052449439114612,-0.3321268380110324
AAL,2013,0.005263157894736842,0.0,0.02031510477013075,-0.33323986770944614
HES,2013,0.005263157894736842,0.0,0.02030800851476481,-0.33327758850444794
CMS,2013,0.010526315789473684,0.009468114731272627,0.0003171830672325552,-0.33449173896786344
UHS,2013,0.005263157894736842,0.0,0.018358268037646962,-0.34364161249335584
MYL,2013,0.005263157894736842,0.0,0.01793007974025391,-0.34591768658528377
VIAB,2013,0.005263157894736842,0.0,0.017488273612169106,-0.34826614750285473
HAS,2013,0.005263157894736842,0.0,0.016280422385465187,-0.35468659126729657
WAT,2013,0.005263157894736842,0.0,0.016066732985487265,-0.35582247683439544
CL,2013,0.005263157894736842,0.0,0.015319102361056543,-0.3597965758580235
COP,2013,0.005263157894736842,0.0,0.014132141801135683,-0.36610597337081047
DUK,2013,0.005263157894736842,0.0,0.014041952265052931,-0.36658538410597236
FLR,2013,0.005263157894736842,0.0,0.013855032246127781,-0.36757897457756733
ADI,2013,0.005263157894736842,0.0,0.012343964104679788,-0.375611195609359
SRE,2013,0.010526315789473684,0.0,0.00255463983890937,-0.38629048776799274
LLTC,2013,0.005263157894736842,0.0,0.00988055720452217,-0.38870566049189303
EMN,2013,0.010526315789473684,5.56947925368978e-05,2.1118891885698533e-41,-0.3994952499522624
PNW,2013,0.005263157894736842,0.0,0.007379149092100831,-0.4020021242969149
IBM,2013,0.005263157894736842,0.0,0.006975665756751008,-0.40414687690156487
WU,2013,0.005263157894736842,0.0,0.00528676320102472,-0.4131243930417385
HSY,2013,0.005263157894736842,0.0,0.004382948248385578,-0.41792870415935574
RHT,2013,0.005263157894736842,0.0,0.003782364744094095,-0.421121160754923
PEG,2013,0.005263157894736842,0.0,0.003650489408663793,-0.4218221561725107
T,2013,0.005263157894736842,0.0,0.00341815686750593,-0.4230571410631785
FCX,2013,0.005263157894736842,0.0,0.003361263780772234,-0.4233595614738081
DRI,2013,0.005263157894736842,0.0,0.003165048687063788,-0.42440256076630173
FFIV,2013,0.005263157894736842,0.0,0.002908178290049812,-0.42576797887601264
ILMN,2013,0.005263157894736842,0.0,0.0027228581819130227,-0.4267530648753534
QCOM,2013,0.005263157894736842,0.0,0.0025949117183016574,-0.4274331760151315
URI,2013,0.005263157894736842,0.0,0.0025401463404724593,-0.42772428639430476
MUR,2013,0.005263157894736842,0.0,0.0025350763696390735,-0.427751236288384
ADS,2013,0.005263157894736842,0.0,0.0024851164158578728,-0.42801680299613304
GS,2013,0.005263157894736842,0.0,0.0023576237486885522,-0.428694501939382
TMO,2013,0.005263157894736842,0.0,0.0023421634985439656,-0.42877668231428495
GIS,2013,0.005263157894736842,0.0,0.0023257364175994608,-0.42886400196681035
RAI,2013,0.005263157894736842,0.0,0.0023247189346251944,-0.4288694104907023
GRMN,2013,0.005263157894736842,0.0,0.0021821207814294342,-0.4296274040277086
LLY,2013,0.005263157894736842,0.0,0.0021209293446734045,-0.4299526727113607
CI,2013,0.005263157894736842,0.0,0.002088212083236967,-0.4301265843095236
AEP,2013,0.005263157894736842,0.0,0.0016385754900576429,-0.4325166687811195
WMT,2013,0.005263157894736842,0.0,0.00152488409404762,-0.4331210058041279
FOX,2013,0.005263157894736842,0.0,0.001336740344333924,-0.43412110112875196
URBN,2013,0.005263157894736842,0.0,0.0013205477239274992,-0.43420717448482415
LUV,2013,0.005263157894736842,0.0,0.0013200637379059336,-0.43420974715682675
BEN,2013,0.005263157894736842,0.0,0.0011172046097880715,-0.4352880634224306
MAC,2013,0.005263157894736842,0.0,0.0010752333947342504,-0.4355111652581705
HAL,2013,0.005263157894736842,0.0,0.0009960448871726385,-0.43593209901917424
ESS,2013,0.005263157894736842,0.0,3.756987464031692e-05,-0.441026960688835
AET,2013,0.005263157894736842,0.0,9.14922355129376e-47,-0.44122666679670025
WFC,2013,0.005263157894736842,0.0,9.14922355129376e-47,-0.44122666679670025
CA,2013,0.005263157894736842,0.0,4.774860798919951e-47,-0.44122666679670025
KSU,2013,0.005263157894736842,0.0,4.774860798919951e-47,-0.44122666679670025
SWN,2013,0.005263157894736842,0.0,1.5710863701441935e-41,-0.44122666679670025
RL,2013,0.005263157894736842,0.0,6.927716940487472e-48,-0.44122666679670025
SCG,2013,0.005263157894736842,0.0,6.927716940487472e-48,-0.44122666679670025
EW,2013,0.005263157894736842,0.0,3.286501536677188e-49,-0.44122666679670025
PXD,2013,0.005263157894736842,0.0,3.286501536677188e-49,-0.44122666679670025
PRU,2013,0.005263157894736842,0.0,1.411298537640203e-41,-0.44122666679670025
BIIB,2013,0.005263157894736842,0.0,1.2318619508365036e-49,-0.44122666679670025
NKE,2013,0.005263157894736842,0.0,1.2318619508365036e-49,-0.44122666679670025
TGT,2013,0.005263157894736842,0.0,1.2267706821272993e-49,-0.44122666679670025
VAR,2013,0.005263157894736842,0.0,1.2267706821272993e-49,-0.44122666679670025
CHK,2013,0.005263157894736842,0.0,6.981981659482099e-50,-0.44122666679670025
NDAQ,2013,0.005263157894736842,0.0,6.981981659482099e-50,-0.44122666679670025
HOLX,2013,0.005263157894736842,0.0,2.0501104679679563e-50,-0.44122666679670025
LH,2013,0.005263157894736842,0.0,2.0501104679679563e-50,-0.44122666679670025
BAC,2014,0.8642857142857142,0.805344295991778,0.6702800294423239,15.289285367014173
F,2014,0.10714285714285714,0.04902363823227133,0.14567434446777644,1.4634500790150327
HPQ,2014,0.09285714285714286,0.017163412127440904,0.13934294322607735,1.1032166444673588
INTC,2014,0.07857142857142857,0.010071942446043166,0.1584558923082348,1.0448547930712528
EBAY,2014,0.07142857142857142,0.02024665981500514,0.12716887873682012,0.8908642628848039
FTR,2014,0.07857142857142857,0.012538540596094553,0.12541570618621128,0.8858195033087011
VZ,2014,0.07142857142857142,0.06855087358684481,0.04461149491236389,0.7769661292150577
ARNC,2014,0.049999999999999996,0.00945529290853032,0.14784613761599874,0.7598013497183308
RF,2014,0.05714285714285714,0.01829393627954779,0.12334736218839747,0.7451605852328571
CSCO,2014,0.07142857142857142,0.01921891058581706,0.09925408274908362,0.7355669243875788
HBAN,2014,0.06428571428571428,0.013566289825282631,0.11079497034812541,0.7027612735967708
AAPL,2014,0.02857142857142857,0.01366906474820144,0.13074670972232688,0.5288728016414508
GE,2014,0.03571428571428571,0.002672147995889003,0.11890625828992463,0.4480843955909674
BSX,2014,0.04285714285714286,0.005035971223021583,0.10418517595831452,0.44186163798964123
SPLS,2014,0.04285714285714286,0.002774922918807811,0.10600203253017484,0.43630919829859627
MU,2014,0.03571428571428571,0.01408016443987667,0.1006065145719454,0.4275523367571746
NI,2014,0.04285714285714286,0.005344295991778006,0.0971977264225966,0.40679331585466993
KEY,2014,0.04285714285714286,0.005447070914696814,0.0924179470650769,0.38207732963540564
AMAT,2014,0.02142857142857143,0.0,0.11940733339621235,0.320518270040266
FB,2014,0.03571428571428571,0.001130524152106886,0.09360555355587878,0.3032256559247819
ETFC,2014,0.02857142857142857,0.0249743062692703,0.07235374147477486,0.2945301691087259
AES,2014,0.02142857142857143,0.00020554984583761563,0.10501555409872762,0.24540018674549194
JNPR,2014,0.02857142857142857,0.0009249743062692703,0.09149604635143697,0.23450261275625803
ATVI,2014,0.02142857142857143,0.0,0.09677615060697131,0.2002201462244387
PBCT,2014,0.02142857142857143,0.0006166495375128469,0.0917869696965975,0.17784790940859815
PHM,2014,0.02142857142857143,0.0017471736896197327,0.08514337336689759,0.15013831850975312
IRM,2014,0.02857142857142857,0.013566289825282631,0.059375087735350815,0.14879904297632351
CHK,2014,0.02857142857142857,0.010996916752312435,0.05887765328077647,0.1288706719638857
IPG,2014,0.02142857142857143,0.0006166495375128469,0.0780005671135422,0.10456502444601116
MAS,2014,0.02142857142857143,0.0010277492291880781,0.07194265191296613,0.0751290956660731
ABT,2014,0.014285714285714285,0.0,0.08070540274115236,0.058667587293660006
AIV,2014,0.007142857142857143,0.0,0.08630568009738689,0.03230934673575392
CBG,2014,0.014285714285714285,0.027440904419321687,0.03857088763906993,0.019293106119865195
MSFT,2014,0.007142857142857143,0.0,0.08330466039785843,0.016357151804111163
NVDA,2014,0.014285714285714285,0.008735868448098665,0.060893756850302454,0.01212329291928225
AAL,2014,0.014285714285714285,0.0,0.07007320124387664,0.002151146943836224
NEM,2014,0.014285714285714285,0.0,0.06770022873468977,-0.010462605654964227
DHI,2014,0.014285714285714285,0.0,0.06253205103060348,-0.037934527345417794
CA,2014,0.014285714285714285,0.0,0.0624110596026568,-0.03857766835644368
CMS,2014,0.014285714285714285,0.009249743062692703,0.0499352619242665,-0.04267074749399156
FOXA,2014,0.007142857142857143,0.0,0.07123476629552744,-0.04780147519687874
CAG,2014,0.007142857142857143,0.0,0.07076202260392353,-0.050314387565416306
NWSA,2014,0.014285714285714285,0.008119218910585818,0.048167046213512026,-0.05967491352874892
FITB,2014,0.007142857142857143,0.0,0.06813709403122843,-0.06426743568431086
ABBV,2014,0.007142857142857143,0.0,0.0676961520682937,-0.06661130305291935
COTY,2014,0.014285714285714285,0.0,0.05691344091942035,-0.06780076372919612
KIM,2014,0.014285714285714285,0.0,0.05587925174940785,-0.07329809093395434
LKQ,2014,0.007142857142857143,0.0,0.06625388001825068,-0.07427783216312857
CNP,2014,0.007142857142857143,0.0,0.06508884111317917,-0.08047070311281562
AEE,2014,0.007142857142857143,0.0,0.06386943835531794,-0.08695255009857235
ORCL,2014,0.007142857142857143,0.0,0.06373801350008178,-0.08765115094745035
BBY,2014,0.014285714285714285,0.0,0.05308405817845671,-0.08815619823744636
NFX,2014,0.007142857142857143,0.0,0.06196294208202659,-0.09708670556338746
T,2014,0.007142857142857143,0.0,0.061504774718545006,-0.0995221361254472
A,2014,0.014285714285714285,0.0,0.049639848869073654,-0.10646420811065384
LNT,2014,0.014285714285714285,0.01366906474820144,0.0321920436466127,-0.1072576027663983
KR,2014,0.007142857142857143,0.0,0.059579709219132235,-0.10975499801157144
ALK,2014,0.007142857142857143,0.0,0.05905558509610992,-0.11254102776677166
EVHC,2014,0.014285714285714285,0.009558067831449127,0.03627885915217338,-0.11318850104501876
APH,2014,0.007142857142857143,0.0,0.05841692073966408,-0.11593590661795583
SYMC,2014,0.014285714285714285,0.0,0.04689583596897619,-0.1210502598730515
CTSH,2014,0.014285714285714285,0.0,0.04672546080125575,-0.12195590467352206
HBI,2014,0.007142857142857143,0.0,0.056391261215781134,-0.12670348524971112
HOLX,2014,0.014285714285714285,0.0,0.04502192806566927,-0.1310111888740157
USB,2014,0.007142857142857143,0.0,0.05548759959985862,-0.13150698129197447
PPL,2014,0.007142857142857143,0.0,0.05402484224703759,-0.13928240190436206
HRB,2014,0.014285714285714285,0.0,0.043295998734789266,-0.1401855242270171
FLIR,2014,0.007142857142857143,0.0,0.05272000047369798,-0.1462184077981369
ADSK,2014,0.007142857142857143,0.0,0.0510615879040272,-0.15503385162632363
RIG,2014,0.007142857142857143,0.0,0.05084179526513457,-0.15620217951857515
AJG,2014,0.007142857142857143,0.0,0.05076196623919598,-0.15662651801364588
BK,2014,0.007142857142857143,0.0,0.050453831535796634,-0.15826443623677605
FOX,2014,0.007142857142857143,0.0,0.050163864196803826,-0.1598057841713297
SCHW,2014,0.007142857142857143,0.0,0.04998346686554485,-0.16076470269953647
BBT,2014,0.007142857142857143,0.0,0.04880013200031804,-0.16705482750027448
LUK,2014,0.007142857142857143,0.0,0.04642937613994744,-0.17965679729937598
MDLZ,2014,0.007142857142857143,0.0,0.04642279525250447,-0.17969177860900545
NRG,2014,0.007142857142857143,0.0,0.046374150695641006,-0.1799503532040244
GRMN,2014,0.014285714285714285,0.0,0.03572529108698805,-0.1804283137652463
GT,2014,0.007142857142857143,0.0,0.04556516448485181,-0.18425059346354286
JCI,2014,0.007142857142857143,0.0,0.04555739730162649,-0.1842918806369991
ADM,2014,0.007142857142857143,0.0,0.04506781721161575,-0.1868942884225027
MNST,2014,0.007142857142857143,0.0,0.045066640560514556,-0.18690054301914386
FISV,2014,0.007142857142857143,0.0,0.044021729374150345,-0.19245486408333254
AIG,2014,0.007142857142857143,0.0,0.043425427672240884,-0.19562456036637413
NWS,2014,0.02142857142857143,0.002158273381294964,0.018888095030177174,-0.19928220459642212
UDR,2014,0.007142857142857143,0.0,0.04184727170937333,-0.2040133928542626
HST,2014,0.02142857142857143,0.001644398766700925,0.01827629219297221,-0.2059911411097478
LUV,2014,0.007142857142857143,0.0,0.04029563861968821,-0.21226124058179777
PFE,2014,0.007142857142857143,0.0,0.040126319812185195,-0.21316127020283152
FE,2014,0.007142857142857143,0.0,0.04004117978182269,-0.2136138398280966
COG,2014,0.007142857142857143,0.0,0.039139922906402044,-0.21840455325208794
AWK,2014,0.007142857142857143,0.0,0.03886437436573933,-0.21986925674419497
ADI,2014,0.007142857142857143,0.0,0.03807456178109074,-0.22406757783877443
GLW,2014,0.007142857142857143,0.0,0.03696773817148441,-0.22995100005628233
DAL,2014,0.007142857142857143,0.0,0.03688942014559379,-0.23036730669227837
AEP,2014,0.007142857142857143,0.0,0.03633626231739444,-0.23330766776514533
EXC,2014,0.007142857142857143,0.0,0.03626503313215441,-0.23368629301973778
MO,2014,0.007142857142857143,0.0,0.036119064097733106,-0.23446220478447502
WFM,2014,0.007142857142857143,0.0,0.035721172776590635,-0.23657723252570273
ICE,2014,0.007142857142857143,0.0,0.035304355376123926,-0.23879286357410615
GGP,2014,0.007142857142857143,0.0,0.03522273886927753,-0.2392267035875716
CCL,2014,0.007142857142857143,0.0,0.0345275598961439,-0.24292199105721046
KMI,2014,0.007142857142857143,0.0,0.03435964278230241,-0.24381456984727276
IP,2014,0.007142857142857143,0.0,0.03403400941239009,-0.24554550383411242
V,2014,0.007142857142857143,0.0,0.0337760013318587,-0.24691696940470576
AKAM,2014,0.007142857142857143,0.0,0.03369893711451853,-0.247326611306576
UNM,2014,0.007142857142857143,0.0,0.03319375836018278,-0.25001193522022924
JEC,2014,0.007142857142857143,0.0,0.033140236809547474,-0.2502964339220913
KMX,2014,0.007142857142857143,0.0,0.03263840154467957,-0.2529639852114091
TGNA,2014,0.007142857142857143,0.0,0.03254334678208741,-0.25346925750345356
WFC,2014,0.007142857142857143,0.0,0.03251778194723325,-0.2536051497233723
PBI,2014,0.007142857142857143,0.0,0.03242047032925029,-0.25412241853684314
ALB,2014,0.007142857142857143,0.0,0.032115441213183576,-0.2557438287262156
TXT,2014,0.007142857142857143,0.0,0.0321028966978917,-0.25581051024559726
IVZ,2014,0.007142857142857143,0.0,0.0320166636036647,-0.25626889015189513
ALL,2014,0.007142857142857143,0.0,0.03137359805771744,-0.259687163928767
CHD,2014,0.007142857142857143,0.0,0.031280404718588624,-0.2601825416539939
MET,2014,0.007142857142857143,0.0,0.031125845488149933,-0.26100411539202373
PWR,2014,0.007142857142857143,0.0,0.031110442932341796,-0.26108598908739983
PGR,2014,0.007142857142857143,0.0,0.031029700876586994,-0.26151518087603903
HIG,2014,0.007142857142857143,0.0,0.030389290832851686,-0.2649193390878138
TSS,2014,0.007142857142857143,0.0,0.03027052622908128,-0.26555064321108307
KLAC,2014,0.007142857142857143,0.0,0.030118596781704796,-0.2663582380965106
CSX,2014,0.007142857142857143,0.0,0.007850115164777764,-0.38472839062857817
EXR,2014,0.007142857142857143,0.0,0.007743380115171218,-0.3852957505554822
EA,2014,0.007142857142857143,0.0,0.007022290699954789,-0.3891287673519012
HRL,2014,0.007142857142857143,0.0,0.0062065548172093666,-0.3934648861105803
NWL,2014,0.007142857142857143,0.0,0.005900049123738893,-0.39509414518231106
PCLN,2014,0.007142857142857143,0.0,0.004530823620419293,-0.4023723886865982
DISCA,2014,0.007142857142857143,0.0,0.0024383632251367957,-0.413495053465351
WEC,2014,0.007142857142857143,0.0,0.0023132025313643643,-0.41416035659053585
RHI,2014,0.007142857142857143,0.0,0.0021617891272257216,-0.41496520840089307
GPS,2014,0.007142857142857143,0.0,0.002126985225926624,-0.41515021172426086
REGN,2014,0.007142857142857143,0.0,0.0016849653632653814,-0.41749980876753856
ISRG,2014,0.007142857142857143,0.0,2.0416801003393484e-75,-0.4264563964007683
ROK,2014,0.007142857142857143,0.0,2.0416801003393484e-75,-0.4264563964007683
CMG,2014,0.007142857142857143,0.0,1.928759052312297e-76,-0.4264563964007683
PLD,2014,0.007142857142857143,0.0,1.928759052312297e-76,-0.4264563964007683
GOOGL,2014,0.007142857142857143,0.0,9.343557664880304e-79,-0.4264563964007683
IFF,2014,0.007142857142857143,0.0,9.343557664880304e-79,-0.4264563964007683
BAC,2015,0.3571428571428571,0.42051611063587113,0.42575319856018434,7.415716470622775
FTR,2015,0.30357142857142855,0.2787995437696037,0.47097118757759,6.28179457433199
GE,2015,0.1845238095238095,0.23609923011120618,0.22587652771153832,3.756275340733938
MU,2015,0.14285714285714285,0.11348731109210151,0.2863019355204144,2.9252521802599296
AMAT,2015,0.08928571428571427,0.07499287140005703,0.22324659929852056,1.9101703674295962
HPQ,2015,0.05952380952380952,0.04341317365269461,0.11195870425094731,0.8723096411801792
ARNC,2015,0.041666666666666664,0.0160393498716852,0.1727970236450965,0.8712395899848371
PBCT,2015,0.017857142857142856,0.05417735956658113,0.10295568626418526,0.5694564605747553
F,2015,0.023809523809523808,0.0032791559737667523,0.13175857341692623,0.42694035944222014
CTL,2015,0.017857142857142856,0.0,0.12887084622351608,0.3427589250286975
AES,2015,0.023809523809523808,0.00042771599657827206,0.10579409641452103,0.269742124014678
CHK,2015,0.011904761904761904,0.0,0.12163700274581418,0.25753424490333865
DHI,2015,0.017857142857142856,0.0,0.11222049752888788,0.254252472339211
FITB,2015,0.017857142857142856,0.008982035928143714,0.09552667022959445,0.22593720056687513
RF,2015,0.023809523809523808,0.010479041916167666,0.08404392429414485,0.22174251888606492
AAPL,2015,0.023809523809523808,0.020886797832905618,0.06502388081675518,0.19065287261591457
CFG,2015,0.011904761904761904,0.0,0.10754167582638527,0.18260924435126236
CMS,2015,0.011904761904761904,0.0,0.09831444867084434,0.13356107372883538
GLW,2015,0.017857142857142856,0.006415739948674081,0.08128251105772832,0.1329575555753484
NWS,2015,0.023809523809523808,0.023595665811234675,0.05072822441075154,0.1328855993709618
DISCA,2015,0.017857142857142856,0.0022811519817507843,0.08645909090747232,0.13266070206574218
PHM,2015,0.011904761904761904,0.0,0.09800084726212663,0.1318940967331533
CSX,2015,0.011904761904761904,0.0,0.09684254790438707,0.12573705046425968
SWN,2015,0.011904761904761904,0.0,0.09475462331859694,0.11463849619607974
PWR,2015,0.011904761904761904,0.0,0.08290961459198967,0.05167526799616542
FOXA,2015,0.011904761904761904,0.0,0.08171157699624303,0.045306989485434566
EBAY,2015,0.017857142857142856,0.0,0.07239058210869406,0.04253291082030131
IVZ,2015,0.011904761904761904,0.031009409751924726,0.040349379568149366,0.034043224494035414
CCL,2015,0.011904761904761904,0.0,0.07931162519122278,0.03254982596989805
COH,2015,0.011904761904761904,0.0,0.07916888638153312,0.03179108476042249
NWSA,2015,0.011904761904761904,0.0,0.07817826313399984,0.026525336204706262
JNPR,2015,0.011904761904761904,0.0,0.0771262571333053,0.020933302005472592
MAT,2015,0.011904761904761904,0.0,0.07489150122287239,0.00905425238994754
ETFC,2015,0.011904761904761904,0.0,0.06708074166597124,-0.03246455504589054
DISCK,2015,0.011904761904761904,0.00285143997718848,0.06185721537559737,-0.04104900612763764
ATVI,2015,0.011904761904761904,0.0,0.06518946166525401,-0.042517827020912634
PFE,2015,0.011904761904761904,0.0,0.06355534607371856,-0.05120411803763144
IPG,2015,0.011904761904761904,0.0,0.06320047217635139,-0.05309048272488837
ALK,2015,0.011904761904761904,0.0,0.060929789144830764,-0.06516050624138911
BBY,2015,0.011904761904761904,0.0,0.06035855459485427,-0.06819695578363838
HOLX,2015,0.011904761904761904,0.011477045908183634,0.04412551672497414,-0.07727888821232598
KR,2015,0.011904761904761904,0.0,0.05847757241634736,-0.07819548874202017
NUE,2015,0.011904761904761904,0.011690903906472769,0.042427094630289264,-0.08486838025183265
FOX,2015,0.011904761904761904,0.0,0.05692738792666373,-0.08643563630363997
BWA,2015,0.011904761904761904,0.012617621899059026,0.038722024175079264,-0.09832897507249257
BAX,2015,0.005952380952380952,0.0,0.062492812814044875,-0.10362463376610435
JCI,2015,0.011904761904761904,0.0,0.05291882342467861,-0.10774352786522406
UNM,2015,0.005952380952380952,0.0,0.061040585750509226,-0.11134407966183368
CA,2015,0.005952380952380952,0.0,0.06072899935660442,-0.11300034566181964
ALL,2015,0.011904761904761904,0.0,0.049842963347343075,-0.12409354367612457
GT,2015,0.005952380952380952,0.0,0.058302700812898796,-0.12589755767866664
HST,2015,0.011904761904761904,0.0,0.049314518870840846,-0.12690253866574028
ORCL,2015,0.005952380952380952,0.0,0.05758538852910982,-0.1297104967872175
RIG,2015,0.011904761904761904,0.010479041916167666,0.03413861602175655,-0.13707876149936582
APA,2015,0.005952380952380952,0.0,0.055296905990979944,-0.1418751352104989
FSLR,2015,0.005952380952380952,0.0,0.05456835525683605,-0.14574781333069953
EXC,2015,0.011904761904761904,0.0,0.04510417478517894,-0.14928300807562825
VTR,2015,0.011904761904761904,0.020815511833475908,0.017829398631577564,-0.15423830557614507
BBBY,2015,0.005952380952380952,0.0,0.0524888267653136,-0.15680173739120587
COG,2015,0.005952380952380952,0.0,0.04979371006695971,-0.17112787691718834
CINF,2015,0.005952380952380952,0.0,0.04915558692168717,-0.17451987891083734
ADM,2015,0.005952380952380952,0.0,0.048863926158193384,-0.1760702283983451
MSFT,2015,0.017857142857142856,0.020886797832905618,0.004043037667455834,-0.180268904361884
HIG,2015,0.005952380952380952,0.0,0.04725185073038429,-0.18463936290717978
INTC,2015,0.011904761904761904,0.0032078699743370406,0.0334931459890095,-0.18942310331479525
A,2015,0.005952380952380952,0.0,0.04629138713711895,-0.1897447950597652
KEY,2015,0.011904761904761904,0.010479041916167666,0.02422009818137378,-0.18980155103907567
CSCO,2015,0.011904761904761904,0.0,0.037294777279312886,-0.19079457540450465
LKQ,2015,0.011904761904761904,0.009694895922440834,0.024258845988160756,-0.19487054582365762
FTI,2015,0.005952380952380952,0.0,0.0446251935027427,-0.19860159984968662
CRM,2015,0.005952380952380952,0.0,0.04363630502301578,-0.20385812708832438
ETN,2015,0.005952380952380952,0.0,0.042744606910770394,-0.20859803003163102
MRO,2015,0.005952380952380952,0.0,0.042401144406506976,-0.2104237364142253
HRL,2015,0.005952380952380952,0.0,0.0419861173328857,-0.212629850816392
CHD,2015,0.005952380952380952,0.0,0.04031549674122621,-0.22151018750300422
EVHC,2015,0.005952380952380952,0.0,0.040271527196018925,-0.22174391164560567
DOW,2015,0.005952380952380952,0.0,0.03998399449804716,-0.22327231802294048
AEP,2015,0.005952380952380952,0.0,0.03988007509397009,-0.22382471112828337
MAS,2015,0.005952380952380952,0.0,0.03942095174436977,-0.22626522332206997
NVDA,2015,0.005952380952380952,0.0,0.03901261408718655,-0.22843577951879887
HCP,2015,0.011904761904761904,0.008982035928143714,0.018620792735982616,-0.22963555427471247
OKE,2015,0.005952380952380952,0.0,0.03876203599108129,-0.22976775032702088
FCX,2015,0.017857142857142856,0.012189905902480754,0.005395223825597786,-0.23158536236847752
LEN,2015,0.005952380952380952,0.0,0.037933911926572715,-0.23416971959989863
DAL,2015,0.005952380952380952,0.0,0.037225703458928505,-0.23793426654035207
LEG,2015,0.005952380952380952,0.0,0.03714163272621738,-0.2383811522160658
ETR,2015,0.005952380952380952,0.0,0.03710225498936328,-0.23859046818102336
NI,2015,0.005952380952380952,0.0,0.036895451661596496,-0.23968975020092032
AZO,2015,0.017857142857142856,0.010550327915597377,0.00534050421494063,-0.24290569609240956
AJG,2015,0.005952380952380952,0.0,0.03623413812634498,-0.24320502283539303
CPB,2015,0.005952380952380952,0.0,0.03616746134329638,-0.2435594493794018
PGR,2015,0.005952380952380952,0.0,0.03548940615183878,-0.24716371381999966
MDLZ,2015,0.005952380952380952,0.0,0.035487986585868915,-0.2471712596528621
AN,2015,0.005952380952380952,0.0,0.03523598563013724,-0.24851079380167948
AFL,2015,0.011904761904761904,0.005631593954947249,0.019281827748395323,-0.24866023742973417
AMGN,2015,0.005952380952380952,0.0,0.03496276364530152,-0.24996313027331094
SCHW,2015,0.005952380952380952,0.0,0.0346539075903313,-0.2516048829067499
GM,2015,0.005952380952380952,0.0,0.034580781827772265,-0.25199358959169776
TMK,2015,0.005952380952380952,0.0,0.03457563713625271,-0.2520209366704243
CMCSA,2015,0.005952380952380952,0.0,0.034531482376642476,-0.2522556453371395
ALLE,2015,0.005952380952380952,0.0,0.03432330681486677,-0.2533622215925277
NRG,2015,0.005952380952380952,0.0,0.03405046689419,-0.25481252716714736
IDXX,2015,0.011904761904761904,0.0047761619617907045,0.019202218715868687,-0.25483791085543356
NTRS,2015,0.005952380952380952,0.0,0.03396940671301981,-0.2552434099805539
IP,2015,0.005952380952380952,0.0,0.03367692013106638,-0.2567981491816808
COTY,2015,0.005952380952380952,0.0,0.03365450350463737,-0.25691730681152297
PLD,2015,0.005952380952380952,0.0,0.03280008947360569,-0.2614590228080856
HRB,2015,0.005952380952380952,0.0,0.028602223850037384,-0.28377316181041395
HBAN,2015,0.005952380952380952,0.0,0.028279017598680255,-0.28549119422639063
BSX,2015,0.005952380952380952,0.0,0.026328134095940092,-0.29586129407262857
MMC,2015,0.005952380952380952,0.0,0.023523003056936314,-0.31077222489724826
GOOG,2015,0.011904761904761904,0.010479041916167666,0.0013900914279503063,-0.31115654183722197
FB,2015,0.005952380952380952,0.0,0.021211609155093385,-0.3230586507716943
SBUX,2015,0.005952380952380952,0.0,0.021039230213726026,-0.3239749468144142
NOV,2015,0.005952380952380952,0.0,0.02016589495249137,-0.3286172403422045
AWK,2015,0.005952380952380952,0.0,0.019913110599560076,-0.32996093871055004
SYY,2015,0.005952380952380952,0.0,0.019780751755461692,-0.33066450426272426
SYMC,2015,0.005952380952380952,0.0,0.019758195672344585,-0.3307844031873581
ED,2015,0.005952380952380952,0.0,0.019593029498276994,-0.33166235910522623
NAVI,2015,0.005952380952380952,0.0,0.01932760479870276,-0.3330732483932726
GIS,2015,0.005952380952380952,0.0,0.018941524968534653,-0.3351254910729808
TGNA,2015,0.005952380952380952,0.0,0.018417422809190502,-0.3379114040782391
AAL,2015,0.005952380952380952,0.0,0.018331544989168377,-0.33836789549197843
CHRW,2015,0.005952380952380952,0.0,0.01829736950718312,-0.3385495583949569
SE,2015,0.005952380952380952,0.0,0.018044550205254122,-0.339893442537899
CERN,2015,0.005952380952380952,0.0,0.01803571192800005,-0.33994042320971496
MKC,2015,0.005952380952380952,0.0,0.017900591788818324,-0.3406586666786786
EL,2015,0.005952380952380952,0.0,0.017828607521809696,-0.34104130563953367
GPN,2015,0.005952380952380952,0.0,0.01778895770035744,-0.34125206789507984
AEE,2015,0.005952380952380952,0.0,0.017687532214125414,-0.3417912043518196
SO,2015,0.005952380952380952,0.0,0.01768342046454573,-0.3418130607331074
UDR,2015,0.005952380952380952,0.0,0.017567746271950454,-0.34242793749287354
ADBE,2015,0.005952380952380952,0.0,0.017463274133406002,-0.342983268708876
CMG,2015,0.011904761904761904,7.128599942971201e-05,0.003360314613154283,-0.3706967761017313
CAG,2015,0.005952380952380952,0.0,0.009123327580292932,-0.38731501806581825
GOOGL,2015,0.011904761904761904,0.00014257199885942402,1.4952037566639647e-37,-0.3880792940101159
NFX,2015,0.011904761904761904,0.00014257199885942402,1.49477293516007e-37,-0.3880792940101159
BIIB,2015,0.011904761904761904,7.128599942971201e-05,1.4170084263598941e-38,-0.38855883603726166
PCLN,2015,0.011904761904761904,7.128599942971201e-05,3.170997657181389e-39,-0.38855883603726166
BBT,2015,0.005952380952380952,0.0,0.008847590416377716,-0.3887807242020909
CBG,2015,0.005952380952380952,0.0,0.008627959346240253,-0.38994819326083413
MO,2015,0.005952380952380952,0.0,0.007234137679693106,-0.39735717992233477
TSN,2015,0.005952380952380952,0.0,0.006959660147264019,-0.3988161903721339
RL,2015,0.005952380952380952,0.0,0.005228656939899836,-0.40801749638005885
GGP,2015,0.005952380952380952,0.0,0.004235565070002124,-0.41329636712393536
ANTM,2015,0.005952380952380952,0.0,0.003917155890387901,-0.41498890026592994
FE,2015,0.005952380952380952,0.0,0.0029210961604666653,-0.4202835469414448
CAH,2015,0.005952380952380952,0.0,0.002054820199434472,-0.4248883161127878
ADP,2015,0.005952380952380952,0.0,0.0005009252196879888,-0.4331481871240017
ROST,2015,0.005952380952380952,0.0,0.00047839407558528867,-0.43326795348302155
GPS,2015,0.005952380952380952,0.0,0.00034017585887010423,-0.4340026650667179
HBI,2015,0.005952380952380952,0.0,0.0003245533925226308,-0.43408570771669686
AIV,2015,0.005952380952380952,0.0,0.00010997880254005563,-0.4352262985922974
AKAM,2015,0.005952380952380952,0.0,1.0868089855008595e-38,-0.43581090098485853
HCA,2015,0.005952380952380952,0.0,2.2524562104792914e-39,-0.43581090098485853
CI,2015,0.005952380952380952,0.0,2.231964865687555e-39,-0.43581090098485853
EQT,2015,0.005952380952380952,0.0,1.6997877391108146e-44,-0.43581090098485853
SHW,2015,0.005952380952380952,0.0,1.6997877391108146e-44,-0.43581090098485853
CME,2015,0.005952380952380952,0.0,1.0230790360129753e-44,-0.43581090098485853
REGN,2015,0.005952380952380952,0.0,1.0230790360129753e-44,-0.43581090098485853
RHT,2015,0.005952380952380952,0.0,7.918465899929945e-45,-0.43581090098485853
TDG,2015,0.005952380952380952,0.0,7.918465899929945e-45,-0.43581090098485853
JEC,2015,0.005952380952380952,0.0,9.092629484224754e-39,-0.43581090098485853
CBS,2015,0.005952380952380952,0.0,8.877326084121263e-38,-0.43581090098485853
ADS,2015,0.005952380952380952,0.0,8.870067856467141e-38,-0.43581090098485853
MTD,2015,0.005952380952380952,0.0,2.1126573344572706e-45,-0.43581090098485853
PVH,2015,0.005952380952380952,0.0,2.1126573344572706e-45,-0.43581090098485853
AMZN,2015,0.005952380952380952,0.0,1.9643050439694803e-45,-0.43581090098485853
KO,2015,0.005952380952380952,0.0,1.9643050439694803e-45,-0.43581090098485853
BAC,2016,0.26285714285714284,0.3720197044334975,0.5971905525326329,7.259894577318181
MRO,2016,0.17714285714285713,0.28367816091954023,0.2538949767654635,4.167276250842057
CHK,2016,0.14285714285714285,0.17517241379310344,0.2786862486349967,3.2997269449591133
PFE,2016,0.14285714285714285,0.17333333333333334,0.08773158392758355,2.2723184215066103
PG,2016,0.07428571428571429,0.05490968801313629,0.10789294282888916,1.0440308019484215
STX,2016,0.022857142857142857,0.10699507389162562,0.11514834950728686,1.0288621833743925
FCX,2016,0.03428571428571429,0.03625615763546798,0.1743998119738501,0.9577602099829267
F,2016,0.045714285714285714,0.053858784893267654,0.09593226534339627,0.7488751742179106
KMI,2016,0.03428571428571429,0.02995073891625616,0.14208228816168042,0.743556803938179
CBG,2016,0.02857142857142857,0.02220032840722496,0.15500211538597694,0.7151945741839277
HBAN,2016,0.02857142857142857,0.01825944170771757,0.12934827205877744,0.5523188154435689
URBN,2016,0.022857142857142857,0.05123152709359606,0.0858910214824394,0.4982199311766289
RIG,2016,0.022857142857142857,0.0013136288998357964,0.14176721587387983,0.4594364797605662
SPLS,2016,0.022857142857142857,0.013530377668308703,0.12598745456145688,0.4577399730153778
MU,2016,0.05142857142857143,0.04998357963875205,0.030885389718599266,0.421945608295764
RF,2016,0.03428571428571429,0.02187192118226601,0.08610843502754355,0.39167633107829314
TDC,2016,0.011428571428571429,0.0,0.14655317308999952,0.3862366274057513
CA,2016,0.017142857142857144,0.004466338259441708,0.12910351199694906,0.36842810544876964
KEY,2016,0.022857142857142857,0.010049261083743842,0.11047980799907238,0.35189013269546104
COTY,2016,0.03428571428571429,0.015763546798029555,0.08393786689920324,0.33904734798483044
COG,2016,0.017142857142857144,0.0029556650246305416,0.11867027358206822,0.30280694922504203
FTR,2016,0.022857142857142857,0.01490968801313629,0.08810449403269613,0.2656482705969812
ETFC,2016,0.017142857142857144,0.06607553366174056,0.027908837829946742,0.2449645672828155
HST,2016,0.017142857142857144,0.019967159277504105,0.08554226344525606,0.24114856522803552
T,2016,0.04,0.03310344827586207,0.029107304549891768,0.20913788352609589
AES,2016,0.011428571428571429,0.0,0.11302257581270407,0.20800166812645307
EVHC,2016,0.011428571428571429,0.03901477832512315,0.06266487636106388,0.20277372759410658
GE,2016,0.04,0.05149425287356322,0.003939332801053125,0.19907045440405846
HRL,2016,0.011428571428571429,0.0,0.1009842228952929,0.14401070118124182
AAL,2016,0.011428571428571429,0.0,0.10059339195679877,0.14193320355030167
PPL,2016,0.005714285714285714,0.0,0.10014069115639657,0.09462520900107636
STI,2016,0.011428571428571429,0.012348111658456486,0.07577226033934431,0.09306014548974882
NWS,2016,0.011428571428571429,0.004991789819376026,0.07703860362045334,0.050305417671528276
SWN,2016,0.02857142857142857,0.014187192118226602,0.03946971242643326,0.047167017731414816
LUV,2016,0.011428571428571429,0.0,0.08180479984796277,0.04206072225390408
AAPL,2016,0.022857142857142857,0.02200328407224959,0.0370575194010403,0.04202213505286235
CHTR,2016,0.011428571428571429,0.03205254515599343,0.0396366867089709,0.03353022661725515
SYMC,2016,0.011428571428571429,0.0,0.07809896785789698,0.02236203307211171
TGNA,2016,0.011428571428571429,0.0,0.0766605129621219,0.01471579439484294
VMC,2016,0.005714285714285714,0.0,0.08333630321716409,0.0052999466058633775
ED,2016,0.005714285714285714,0.0,0.07962181408009736,-0.014444760433303524
AWK,2016,0.005714285714285714,0.0,0.07672156573617334,-0.029861295999437782
HON,2016,0.005714285714285714,0.0,0.07667761992354052,-0.030094893989367082
HPE,2016,0.005714285714285714,0.0,0.0759706500215386,-0.0338528572207684
NRG,2016,0.017142857142857144,0.010246305418719211,0.045121169712549404,-0.03910579386199887
RRC,2016,0.005714285714285714,0.0,0.07488339854545376,-0.03963224197087419
V,2016,0.005714285714285714,0.0,0.07343364118371686,-0.04733855994061128
LNT,2016,0.005714285714285714,0.0,0.07269640456898127,-0.051257408654218316
ARNC,2016,0.005714285714285714,0.0,0.07041841568781657,-0.06336626708329292
MAT,2016,0.005714285714285714,0.0,0.0703808712005281,-0.06356583824236535
TWX,2016,0.005714285714285714,0.0,0.06863273157426109,-0.07285823445366725
MSI,2016,0.005714285714285714,0.0,0.06737363113076734,-0.07955109812140192
ALL,2016,0.005714285714285714,0.0,0.06571107190073697,-0.08838858390232289
GGP,2016,0.005714285714285714,0.0,0.06534502126494493,-0.09033435956581615
ESRX,2016,0.005714285714285714,0.0,0.064681808901301,-0.09385972559643097
ATVI,2016,0.005714285714285714,0.0,0.06450983658178103,-0.09477386020349816
CERN,2016,0.011428571428571429,0.008341543513957307,0.045357981177718394,-0.09556198580970744
APH,2016,0.005714285714285714,0.0,0.06423643636585648,-0.09622714407879791
DAL,2016,0.005714285714285714,0.0,0.06384026184609098,-0.0983330460051472
OKE,2016,0.017142857142857144,0.016157635467980297,0.023729154055300572,-0.113051402149351
NFX,2016,0.005714285714285714,0.0,0.06058066932588884,-0.11565970843530703
AEE,2016,0.005714285714285714,0.0,0.06037252237673523,-0.11676613259768316
ADM,2016,0.005714285714285714,0.0,0.060343287926404955,-0.1169215309945885
PHM,2016,0.011428571428571429,0.009195402298850575,0.03857823052959432,-0.12585644968122373
KSS,2016,0.011428571428571429,0.015369458128078817,0.02952854420408403,-0.13242791615744243
C,2016,0.011428571428571429,0.019967159277504105,0.023067615261527123,-0.13584276823908414
MSFT,2016,0.011428571428571429,0.002758620689655172,0.044803490712713806,-0.13606583932699876
NEM,2016,0.011428571428571429,0.009589490968801314,0.03607401954537082,-0.13651677179437272
SCHW,2016,0.011428571428571429,0.0,0.04543355051106003,-0.15127398308669066
GLW,2016,0.011428571428571429,0.010049261083743842,0.0302442033159396,-0.16441281291812065
NAVI,2016,0.011428571428571429,0.008669950738916255,0.03092195661560545,-0.17008879535828794
BBY,2016,0.011428571428571429,0.0006568144499178982,0.03189676570473525,-0.21881160088407273
IRM,2016,0.005714285714285714,0.0,0.040889805406327674,-0.22032829813721613
HPQ,2016,0.005714285714285714,0.0,0.03712894040470373,-0.2403195203297678
GOOG,2016,0.017142857142857144,0.010443349753694582,0.005114293080743063,-0.25044048859382734
PCLN,2016,0.02857142857142857,0.0009195402298850574,7.275770971964716e-25,-0.251889552455604
UDR,2016,0.011428571428571429,0.0,0.025281526930169454,-0.25839390918379007
LH,2016,0.005714285714285714,0.0,0.03282547088641451,-0.2631950065016577
EXC,2016,0.011428571428571429,0.010574712643678161,0.010593399699172418,-0.2653337375953124
PDCO,2016,0.005714285714285714,0.0,0.032355092629335794,-0.2656953451864404
FLR,2016,0.005714285714285714,0.0,0.03196574522434292,-0.26776495695924935
IBM,2016,0.005714285714285714,0.0,0.0309870842766569,-0.2729671188150768
PKI,2016,0.005714285714285714,0.0,0.030911275982194297,-0.2733700847439218
ETN,2016,0.005714285714285714,0.0,0.030624308332723855,-0.2748954875542223
NFLX,2016,0.011428571428571429,0.010049261083743842,0.00931486928878837,-0.27566460384873
MAR,2016,0.005714285714285714,0.0,0.029992416919868165,-0.27825436420374544
TXT,2016,0.005714285714285714,0.0,0.029976646346694325,-0.2783381941291179
AEP,2016,0.005714285714285714,0.0,0.029773703275201357,-0.27941695660341653
MET,2016,0.005714285714285714,0.0,0.029538091974167277,-0.28066937004235
AAP,2016,0.005714285714285714,0.0,0.029285963940420365,-0.28200957968599033
GPS,2016,0.005714285714285714,0.0,0.02819075672048324,-0.28783125392082615
FOX,2016,0.011428571428571429,0.0008538587848932677,0.01860657579812336,-0.2881313016340556
FMC,2016,0.005714285714285714,0.0,0.02809100817490881,-0.28836147644599025
AIZ,2016,0.005714285714285714,0.0,0.02757209760898385,-0.29111979306118096
MHK,2016,0.005714285714285714,0.0,0.027532650569630862,-0.2913294774099155
TEL,2016,0.005714285714285714,0.0,0.027479830617418023,-0.2916102467011373
ANTM,2016,0.005714285714285714,0.0,0.027421488666048644,-0.2919203686843695
EQIX,2016,0.005714285714285714,0.0,0.027386500740001242,-0.29210635020813286
CINF,2016,0.005714285714285714,0.0,0.026764935459211426,-0.2954103373573869
DISCK,2016,0.011428571428571429,0.002758620689655172,0.014696664463010116,-0.2961014302909087
AKAM,2016,0.005714285714285714,0.0,0.026403950817414878,-0.2973291842660469
CMCSA,2016,0.005714285714285714,0.0,0.02626658637253174,-0.2980593575474142
JPM,2016,0.005714285714285714,0.0,0.02620137635053349,-0.2984059873887899
DTE,2016,0.005714285714285714,0.0,0.02558957904857428,-0.3016580519523913
HCN,2016,0.005714285714285714,0.0,0.02517809845517957,-0.3038453147142625
AMZN,2016,0.011428571428571429,0.010049261083743842,0.0024557035188845396,-0.31212512739915854
TXN,2016,0.011428571428571429,0.0,0.014639619696485577,-0.31496194126397214
CSRA,2016,0.011428571428571429,0.003284072249589491,0.009555002699612744,-0.31989768325328993
UNM,2016,0.005714285714285714,0.0,0.020303026074431064,-0.32975920822711996
INTC,2016,0.005714285714285714,0.0,0.016809282296558602,-0.34833052310205814
AFL,2016,0.005714285714285714,0.0,0.013653814948006528,-0.3651036986505045
VLO,2016,0.005714285714285714,0.0,0.013525827376181748,-0.36578402830475415
SEE,2016,0.005714285714285714,0.0,0.013406994951670269,-0.36641569293538107
TDG,2016,0.011428571428571429,0.0,0.003949983844884663,-0.37178367918185673
SO,2016,0.005714285714285714,0.0,0.011129485909253542,-0.3785220007376655
FBHS,2016,0.005714285714285714,0.0,0.011030188018497445,-0.3790498277658891
BMY,2016,0.005714285714285714,0.0,0.010876974697374501,-0.37986424719974393
NI,2016,0.005714285714285714,0.0,0.01079525620405341,-0.38029862933165165
JCI,2016,0.005714285714285714,0.0,0.010699404579228862,-0.38080813741783853
VIAB,2016,0.005714285714285714,0.0,0.010450280630172754,-0.38213237857430554
BK,2016,0.005714285714285714,0.0,0.010411918852469759,-0.38233629411539266
SCG,2016,0.005714285714285714,0.0,0.01018830713273043,-0.38352492268149047
HIG,2016,0.005714285714285714,0.0,0.010047165318918208,-0.38427517491318747
BHI,2016,0.005714285714285714,0.0,0.00979801047865436,-0.38559958027469704
L,2016,0.005714285714285714,0.0,0.00964054783353693,-0.38643658737923553
HBI,2016,0.005714285714285714,0.0,0.009544259953025831,-0.3869484144224599
PWR,2016,0.005714285714285714,0.0,0.009377867606511842,-0.3878328881722129
ALB,2016,0.005714285714285714,0.0,0.009338224941049534,-0.3880436123894395
PBI,2016,0.005714285714285714,0.0,0.009177984260982467,-0.38889538639305926
TROW,2016,0.005714285714285714,0.0,0.009144772739348196,-0.38907192527654927
LLL,2016,0.005714285714285714,0.0,0.009122701030840348,-0.38918924946360695
SHW,2016,0.011428571428571429,0.0003284072249589491,3.834984897915281e-25,-0.3905709793867791
MNK,2016,0.005714285714285714,0.0,0.008797269702373494,-0.39091910948064806
NWL,2016,0.005714285714285714,0.0,0.008713098304441459,-0.39136653025155854
KMX,2016,0.005714285714285714,0.0,0.008705342400302412,-0.39140775746999923
AMAT,2016,0.005714285714285714,0.0,0.00863843962021858,-0.39176338532193694
DHI,2016,0.005714285714285714,0.0,0.004475468946261946,-0.4138920370252573
HAS,2016,0.005714285714285714,0.0,0.004134171050698698,-0.4157062372321536
HRS,2016,0.005714285714285714,0.0,0.00402494645337864,-0.4162868305778266
ENDP,2016,0.005714285714285714,0.0,0.0039851518328962434,-0.4164983625258727
LEG,2016,0.005714285714285714,0.0,0.0039010729418254256,-0.4169452915680942
FLIR,2016,0.005714285714285714,0.0,0.0035702141652433897,-0.4187040016824299
DVN,2016,0.005714285714285714,0.0,0.003502296667646035,-0.41906502335819984
AIV,2016,0.005714285714285714,0.0,0.003219544966586415,-0.420568015908787
CAH,2016,0.005714285714285714,0.0,0.0031731695013001004,-0.4208145289398108
AET,2016,0.005714285714285714,0.0,0.003137367597778144,-0.42100483723535315
DD,2016,0.005714285714285714,0.0,0.0030138721271744445,-0.42166128871434694
GT,2016,0.005714285714285714,0.0,0.0029145070256773624,-0.42218947300741677
FB,2016,0.005714285714285714,0.0,0.0028489511519669258,-0.4225379412552284
BIIB,2016,0.005714285714285714,0.0,0.0009378849015665308,-0.43269638885171063
LRCX,2016,0.005714285714285714,0.0,0.0006584265960898438,-0.4341818750565934
CL,2016,0.005714285714285714,0.0,0.0004513254490219716,-0.43528274016224816
FTI,2016,0.005714285714285714,0.0,0.0004451549041050187,-0.43531554025861713
GM,2016,0.005714285714285714,0.0,0.0004176799415462421,-0.43546158593720635
MTD,2016,0.005714285714285714,0.0,0.00041181057951776817,-0.43549278506836075
CNP,2016,0.005714285714285714,0.0,0.0004106690137196474,-0.4354988531658617
ETR,2016,0.005714285714285714,0.0,0.00026613635287419133,-0.4362671297553682
ISRG,2016,0.005714285714285714,0.0,8.924186604898163e-34,-0.4376818019016766
NTAP,2016,0.005714285714285714,0.0,8.924186604898163e-34,-0.4376818019016766
SNI,2016,0.005714285714285714,0.0,3.4600039316411026e-25,-0.4376818019016766
PBCT,2016,0.005714285714285714,0.0,4.318581838300383e-36,-0.4376818019016766
SYY,2016,0.005714285714285714,0.0,4.318581838300383e-36,-0.4376818019016766
EQT,2016,0.005714285714285714,0.0,3.2096503029224303e-25,-0.4376818019016766
CMG,2016,0.005714285714285714,0.0,9.66488189119997e-37,-0.4376818019016766
IFF,2016,0.005714285714285714,0.0,9.66488189119997e-37,-0.4376818019016766
CHD,2016,0.005714285714285714,0.0,9.471232718877364e-37,-0.4376818019016766
VAR,2016,0.005714285714285714,0.0,9.471232718877364e-37,-0.4376818019016766
GOOGL,2016,0.005714285714285714,0.0,9.238774279931907e-37,-0.4376818019016766
IVZ,2016,0.005714285714285714,0.0,9.238774279931907e-37,-0.4376818019016766
PRGO,2016,0.005714285714285714,0.0,3.110437383356577e-25,-0.4376818019016766
AZO,2016,0.005714285714285714,0.0,1.04263169908298e-37,-0.4376818019016766
JBHT,2016,0.005714285714285714,0.0,1.04263169908298e-37,-0.4376818019016766
BDX,2016,0.005714285714285714,0.0,1.5552442427813547e-25,-0.4376818019016766
DGX,2016,0.005714285714285714,0.0,2.9496141569005077e-25,-0.4376818019016766
PSA,2016,0.005714285714285714,0.0,9.113497042254089e-38,-0.4376818019016766
RHI,2016,0.005714285714285714,0.0,9.113497042254089e-38,-0.4376818019016766
